posto,time_division,model_id,p,h,h_std,avg_cv_mse,total_aic
ITAIPU,dia,1,1,1,0,,101920.47718936982
ITAIPU,dia,1,1,2,0,,101919.88151492679
ITAIPU,dia,1,1,3,0,,101912.7415073661
ITAIPU,dia,1,1,4,0,,101916.50908142932
ITAIPU,dia,1,1,5,0,,101914.90614218314
ITAIPU,dia,1,2,1,0,,97642.85906423659
ITAIPU,dia,1,2,2,0,,97640.93170928383
ITAIPU,dia,1,2,3,0,,97635.86335711984
ITAIPU,dia,1,2,4,0,,97639.71758831818
ITAIPU,dia,1,2,5,0,,97641.5146161506
ITAIPU,dia,1,3,1,0,,97372.61460767484
ITAIPU,dia,1,3,2,0,,97371.81276566953
ITAIPU,dia,1,3,3,0,,97367.71773975332
ITAIPU,dia,1,3,4,0,,97371.57150706039
ITAIPU,dia,1,3,5,0,,97373.0327192158
ITAIPU,dia,1,4,1,0,,97333.07567993154
ITAIPU,dia,1,4,2,0,,97332.52885976907
ITAIPU,dia,1,4,3,0,,97328.47474612069
ITAIPU,dia,1,4,4,0,,97332.31936734902
ITAIPU,dia,1,4,5,0,,97333.54024691752
ITAIPU,dia,1,5,1,0,,97326.51317417328
ITAIPU,dia,1,5,2,0,,97326.04115898738
ITAIPU,dia,1,5,3,0,,97321.93756639196
ITAIPU,dia,1,5,4,0,,97325.7723099295
ITAIPU,dia,1,5,5,0,,97326.85155920128
ITAIPU,dia,2,1,1,0,,117778.81674069476
ITAIPU,dia,2,1,2,0,,117771.14010146099
ITAIPU,dia,2,1,3,0,,117776.85048636702
ITAIPU,dia,2,1,4,0,,117780.81604743747
ITAIPU,dia,2,1,5,0,,117783.81273323146
ITAIPU,dia,2,2,1,0,,111683.50664646196
ITAIPU,dia,2,2,2,0,,111705.41117903568
ITAIPU,dia,2,2,3,0,,111731.50599871026
ITAIPU,dia,2,2,4,0,,111733.29740981162
ITAIPU,dia,2,2,5,0,,111734.79039610946
ITAIPU,dia,2,3,1,0,,109532.98128327336
ITAIPU,dia,2,3,2,0,,109564.71965282313
ITAIPU,dia,2,3,3,0,,109602.87765062782
ITAIPU,dia,2,3,4,0,,109606.53193473222
ITAIPU,dia,2,3,5,0,,109615.4985885089
ITAIPU,dia,2,4,1,0,,108085.70041530974
ITAIPU,dia,2,4,2,0,,108125.96697844841
ITAIPU,dia,2,4,3,0,,108166.92652414438
ITAIPU,dia,2,4,4,0,,108169.62605752004
ITAIPU,dia,2,4,5,0,,108184.51578971167
ITAIPU,dia,2,5,1,0,,106813.97801281969
ITAIPU,dia,2,5,2,0,,106861.25036641846
ITAIPU,dia,2,5,3,0,,106916.65401064284
ITAIPU,dia,2,5,4,0,,106917.980722514
ITAIPU,dia,2,5,5,0,,106928.49889759676
ITAIPU,dia,3,1,1,1,,101926.79053874404
ITAIPU,dia,3,1,1,2,,101929.80640241787
ITAIPU,dia,3,1,1,3,,101936.5411023589
ITAIPU,dia,3,1,1,4,,101939.39729985042
ITAIPU,dia,3,1,1,5,,101939.09762478912
ITAIPU,dia,3,1,2,1,,101926.2563518197
ITAIPU,dia,3,1,2,2,,101929.07281378734
ITAIPU,dia,3,1,2,3,,101935.28531831731
ITAIPU,dia,3,1,2,4,,101938.90397853038
ITAIPU,dia,3,1,2,5,,101937.1234806921
ITAIPU,dia,3,1,3,1,,101919.11832393527
ITAIPU,dia,3,1,3,2,,101921.92779068986
ITAIPU,dia,3,1,3,3,,101928.38243318938
ITAIPU,dia,3,1,3,4,,101931.9741596668
ITAIPU,dia,3,1,3,5,,101930.31391921494
ITAIPU,dia,3,1,4,1,,101922.89394012792
ITAIPU,dia,3,1,4,2,,101925.69250156771
ITAIPU,dia,3,1,4,3,,101932.1490046879
ITAIPU,dia,3,1,4,4,,101935.75461843237
ITAIPU,dia,3,1,4,5,,101934.03858614869
ITAIPU,dia,3,1,5,1,,101921.30679872927
ITAIPU,dia,3,1,5,2,,101924.1203554551
ITAIPU,dia,3,1,5,3,,101930.7822001945
ITAIPU,dia,3,1,5,4,,101934.4366439741
ITAIPU,dia,3,1,5,5,,101932.59227988994
ITAIPU,dia,3,2,1,1,,97648.9235404331
ITAIPU,dia,3,2,1,2,,97652.05801871004
ITAIPU,dia,3,2,1,3,,97664.61257825526
ITAIPU,dia,3,2,1,4,,97667.43597881598
ITAIPU,dia,3,2,1,5,,97674.97697823777
ITAIPU,dia,3,2,2,1,,97647.08374979401
ITAIPU,dia,3,2,2,2,,97649.92762441139
ITAIPU,dia,3,2,2,3,,97662.05732608632
ITAIPU,dia,3,2,2,4,,97665.35495456397
ITAIPU,dia,3,2,2,5,,97671.75057504438
ITAIPU,dia,3,2,3,1,,97642.01507363138
ITAIPU,dia,3,2,3,2,,97645.18993154704
ITAIPU,dia,3,2,3,3,,97656.97474290579
ITAIPU,dia,3,2,3,4,,97660.30197725724
ITAIPU,dia,3,2,3,5,,97666.67909208982
ITAIPU,dia,3,2,4,1,,97645.87824556539
ITAIPU,dia,3,2,4,2,,97649.07160991938
ITAIPU,dia,3,2,4,3,,97660.86081553865
ITAIPU,dia,3,2,4,4,,97664.1757064839
ITAIPU,dia,3,2,4,5,,97670.53267607439
ITAIPU,dia,3,2,5,1,,97647.6913152202
ITAIPU,dia,3,2,5,2,,97650.90790967355
ITAIPU,dia,3,2,5,3,,97662.80867826878
ITAIPU,dia,3,2,5,4,,97666.20210336657
ITAIPU,dia,3,2,5,5,,97672.34873726682
ITAIPU,dia,3,3,1,1,,97378.62057647739
ITAIPU,dia,3,3,1,2,,97382.55737791887
ITAIPU,dia,3,3,1,3,,97394.76878491035
ITAIPU,dia,3,3,1,4,,97397.92521670277
ITAIPU,dia,3,3,1,5,,97408.45219349193
ITAIPU,dia,3,3,2,1,,97377.90107212524
ITAIPU,dia,3,3,2,2,,97381.6396239381
ITAIPU,dia,3,3,2,3,,97393.59312945514
ITAIPU,dia,3,3,2,4,,97397.25885007229
ITAIPU,dia,3,3,2,5,,97406.58944710769
ITAIPU,dia,3,3,3,1,,97373.80793348521
ITAIPU,dia,3,3,3,2,,97377.85893979584
ITAIPU,dia,3,3,3,3,,97389.6519869738
ITAIPU,dia,3,3,3,4,,97393.34606579292
ITAIPU,dia,3,3,3,5,,97402.69735387822
ITAIPU,dia,3,3,4,1,,97377.67072188373
ITAIPU,dia,3,3,4,2,,97381.7369509677
ITAIPU,dia,3,3,4,3,,97393.53191953809
ITAIPU,dia,3,3,4,4,,97397.21639670932
ITAIPU,dia,3,3,4,5,,97406.54297134519
ITAIPU,dia,3,3,5,1,,97379.14877045427
ITAIPU,dia,3,3,5,2,,97383.23646929895
ITAIPU,dia,3,3,5,3,,97395.1608917311
ITAIPU,dia,3,3,5,4,,97398.92626829204
ITAIPU,dia,3,3,5,5,,97408.05599118717
ITAIPU,dia,3,4,1,1,,97339.38287435361
ITAIPU,dia,3,4,1,2,,97345.22057921907
ITAIPU,dia,3,4,1,3,,97358.56211146043
ITAIPU,dia,3,4,1,4,,97362.3785196802
ITAIPU,dia,3,4,1,5,,97369.7587254177
ITAIPU,dia,3,4,2,1,,97338.91440518168
ITAIPU,dia,3,4,2,2,,97344.56981589334
ITAIPU,dia,3,4,2,3,,97357.6766960001
ITAIPU,dia,3,4,2,4,,97361.99984558742
ITAIPU,dia,3,4,2,5,,97368.18326223778
ITAIPU,dia,3,4,3,1,,97334.86267730266
ITAIPU,dia,3,4,3,2,,97340.81885254137
ITAIPU,dia,3,4,3,3,,97353.79126404281
ITAIPU,dia,3,4,3,4,,97358.10031965522
ITAIPU,dia,3,4,3,5,,97364.32408966121
ITAIPU,dia,3,4,4,1,,97338.71619287241
ITAIPU,dia,3,4,4,2,,97344.6883342101
ITAIPU,dia,3,4,4,3,,97357.6657745585
ITAIPU,dia,3,4,4,4,,97361.96589377336
ITAIPU,dia,3,4,4,5,,97368.16784683324
ITAIPU,dia,3,4,5,1,,97339.95369500954
ITAIPU,dia,3,4,5,2,,97345.94597172893
ITAIPU,dia,3,4,5,3,,97359.03971270418
ITAIPU,dia,3,4,5,4,,97363.40249667996
ITAIPU,dia,3,4,5,5,,97369.42050132334
ITAIPU,dia,3,5,1,1,,97332.8142515893
ITAIPU,dia,3,5,1,2,,97338.45862077316
ITAIPU,dia,3,5,1,3,,97351.94396122888
ITAIPU,dia,3,5,1,4,,97355.79048825003
ITAIPU,dia,3,5,1,5,,97363.9918300589
ITAIPU,dia,3,5,2,1,,97332.42028432319
ITAIPU,dia,3,5,2,2,,97337.88847927714
ITAIPU,dia,3,5,2,3,,97351.14116190419
ITAIPU,dia,3,5,2,4,,97355.50926078865
ITAIPU,dia,3,5,2,5,,97362.48284537745
ITAIPU,dia,3,5,3,1,,97328.32021429508
ITAIPU,dia,3,5,3,2,,97334.07594739892
ITAIPU,dia,3,5,3,3,,97347.2199768122
ITAIPU,dia,3,5,3,4,,97351.57904464641
ITAIPU,dia,3,5,3,5,,97358.60353402913
ITAIPU,dia,3,5,4,1,,97332.16383998787
ITAIPU,dia,3,5,4,2,,97337.93382661734
ITAIPU,dia,3,5,4,3,,97351.08110590334
ITAIPU,dia,3,5,4,4,,97355.43327724856
ITAIPU,dia,3,5,4,5,,97362.43060404676
ITAIPU,dia,3,5,5,1,,97333.25995011366
ITAIPU,dia,3,5,5,2,,97339.0457121837
ITAIPU,dia,3,5,5,3,,97352.31711947685
ITAIPU,dia,3,5,5,4,,97356.73156805463
ITAIPU,dia,3,5,5,5,,97363.56135327576
ITAIPU,dia,4,1,1,1,,117783.8166836128
ITAIPU,dia,4,1,1,2,,117787.8166836128
ITAIPU,dia,4,1,1,3,,117791.8166836128
ITAIPU,dia,4,1,1,4,,117795.8166836128
ITAIPU,dia,4,1,1,5,,117799.8166836128
ITAIPU,dia,4,1,2,1,,117776.140044379
ITAIPU,dia,4,1,2,2,,117780.14004437902
ITAIPU,dia,4,1,2,3,,117784.14004437902
ITAIPU,dia,4,1,2,4,,117788.14004437902
ITAIPU,dia,4,1,2,5,,117792.14004437902
ITAIPU,dia,4,1,3,1,,117781.85042928507
ITAIPU,dia,4,1,3,2,,117785.85042928507
ITAIPU,dia,4,1,3,3,,117789.85042928508
ITAIPU,dia,4,1,3,4,,117793.85042928508
ITAIPU,dia,4,1,3,5,,117797.85042928508
ITAIPU,dia,4,1,4,1,,117785.81599035549
ITAIPU,dia,4,1,4,2,,117789.8159903555
ITAIPU,dia,4,1,4,3,,117793.8159903555
ITAIPU,dia,4,1,4,4,,117797.8159903555
ITAIPU,dia,4,1,4,5,,117801.8159903555
ITAIPU,dia,4,1,5,1,,117788.81267614948
ITAIPU,dia,4,1,5,2,,117792.81267614948
ITAIPU,dia,4,1,5,3,,117796.8126761495
ITAIPU,dia,4,1,5,4,,117800.8126761495
ITAIPU,dia,4,1,5,5,,117804.8126761495
ITAIPU,dia,4,2,1,1,,111687.5064181167
ITAIPU,dia,4,2,1,2,,111691.5064181167
ITAIPU,dia,4,2,1,3,,111695.50641811671
ITAIPU,dia,4,2,1,4,,111699.50641811671
ITAIPU,dia,4,2,1,5,,111703.50641811671
ITAIPU,dia,4,2,2,1,,111709.41095069044
ITAIPU,dia,4,2,2,2,,111713.41095069044
ITAIPU,dia,4,2,2,3,,111717.41095069044
ITAIPU,dia,4,2,2,4,,111721.41095069044
ITAIPU,dia,4,2,2,5,,111725.41095069045
ITAIPU,dia,4,2,3,1,,111735.50577036501
ITAIPU,dia,4,2,3,2,,111739.50577036501
ITAIPU,dia,4,2,3,3,,111743.50577036501
ITAIPU,dia,4,2,3,4,,111747.50577036502
ITAIPU,dia,4,2,3,5,,111751.50577036502
ITAIPU,dia,4,2,4,1,,111737.29718146638
ITAIPU,dia,4,2,4,2,,111741.29718146638
ITAIPU,dia,4,2,4,3,,111745.29718146638
ITAIPU,dia,4,2,4,4,,111749.29718146639
ITAIPU,dia,4,2,4,5,,111753.29718146639
ITAIPU,dia,4,2,5,1,,111738.7901677642
ITAIPU,dia,4,2,5,2,,111742.7901677642
ITAIPU,dia,4,2,5,3,,111746.7901677642
ITAIPU,dia,4,2,5,4,,111750.7901677642
ITAIPU,dia,4,2,5,5,,111754.7901677642
ITAIPU,dia,4,3,1,1,,109535.98076945743
ITAIPU,dia,4,3,1,2,,109539.98076945743
ITAIPU,dia,4,3,1,3,,109543.98076945743
ITAIPU,dia,4,3,1,4,,109547.98076945743
ITAIPU,dia,4,3,1,5,,109551.98076945743
ITAIPU,dia,4,3,2,1,,109567.71913900718
ITAIPU,dia,4,3,2,2,,109571.71913900718
ITAIPU,dia,4,3,2,3,,109575.71913900718
ITAIPU,dia,4,3,2,4,,109579.71913900718
ITAIPU,dia,4,3,2,5,,109583.7191390072
ITAIPU,dia,4,3,3,1,,109605.87713681189
ITAIPU,dia,4,3,3,2,,109609.87713681189
ITAIPU,dia,4,3,3,3,,109613.87713681189
ITAIPU,dia,4,3,3,4,,109617.87713681189
ITAIPU,dia,4,3,3,5,,109621.8771368119
ITAIPU,dia,4,3,4,1,,109609.53142091628
ITAIPU,dia,4,3,4,2,,109613.53142091628
ITAIPU,dia,4,3,4,3,,109617.53142091628
ITAIPU,dia,4,3,4,4,,109621.53142091628
ITAIPU,dia,4,3,4,5,,109625.53142091628
ITAIPU,dia,4,3,5,1,,109618.49807469295
ITAIPU,dia,4,3,5,2,,109622.49807469295
ITAIPU,dia,4,3,5,3,,109626.49807469295
ITAIPU,dia,4,3,5,4,,109630.49807469295
ITAIPU,dia,4,3,5,5,,109634.49807469295
ITAIPU,dia,4,4,1,1,,108087.69950178963
ITAIPU,dia,4,4,1,2,,108091.69950178963
ITAIPU,dia,4,4,1,3,,108095.69950178963
ITAIPU,dia,4,4,1,4,,108099.69950178963
ITAIPU,dia,4,4,1,5,,108103.69950178961
ITAIPU,dia,4,4,2,1,,108127.9660649283
ITAIPU,dia,4,4,2,2,,108131.9660649283
ITAIPU,dia,4,4,2,3,,108135.96606492829
ITAIPU,dia,4,4,2,4,,108139.96606492829
ITAIPU,dia,4,4,2,5,,108143.96606492829
ITAIPU,dia,4,4,3,1,,108168.92561062427
ITAIPU,dia,4,4,3,2,,108172.92561062427
ITAIPU,dia,4,4,3,3,,108176.92561062427
ITAIPU,dia,4,4,3,4,,108180.92561062427
ITAIPU,dia,4,4,3,5,,108184.92561062425
ITAIPU,dia,4,4,4,1,,108171.62514399995
ITAIPU,dia,4,4,4,2,,108175.62514399995
ITAIPU,dia,4,4,4,3,,108179.62514399993
ITAIPU,dia,4,4,4,4,,108183.62514399995
ITAIPU,dia,4,4,4,5,,108187.62514399993
ITAIPU,dia,4,4,5,1,,108186.51487619156
ITAIPU,dia,4,4,5,2,,108190.51487619156
ITAIPU,dia,4,4,5,3,,108194.51487619156
ITAIPU,dia,4,4,5,4,,108198.51487619156
ITAIPU,dia,4,4,5,5,,108202.51487619155
ITAIPU,dia,4,5,1,1,,106814.97658533584
ITAIPU,dia,4,5,1,2,,106818.97658533584
ITAIPU,dia,4,5,1,3,,106822.97658533584
ITAIPU,dia,4,5,1,4,,106826.97658533584
ITAIPU,dia,4,5,1,5,,106830.97658533583
ITAIPU,dia,4,5,2,1,,106862.24893893462
ITAIPU,dia,4,5,2,2,,106866.2489389346
ITAIPU,dia,4,5,2,3,,106870.2489389346
ITAIPU,dia,4,5,2,4,,106874.24893893462
ITAIPU,dia,4,5,2,5,,106878.24893893459
ITAIPU,dia,4,5,3,1,,106917.652583159
ITAIPU,dia,4,5,3,2,,106921.652583159
ITAIPU,dia,4,5,3,3,,106925.652583159
ITAIPU,dia,4,5,3,4,,106929.652583159
ITAIPU,dia,4,5,3,5,,106933.65258315898
ITAIPU,dia,4,5,4,1,,106918.97929503015
ITAIPU,dia,4,5,4,2,,106922.97929503015
ITAIPU,dia,4,5,4,3,,106926.97929503015
ITAIPU,dia,4,5,4,4,,106930.97929503015
ITAIPU,dia,4,5,4,5,,106934.97929503013
ITAIPU,dia,4,5,5,1,,106929.49747011291
ITAIPU,dia,4,5,5,2,,106933.49747011291
ITAIPU,dia,4,5,5,3,,106937.49747011291
ITAIPU,dia,4,5,5,4,,106941.49747011291
ITAIPU,dia,4,5,5,5,,106945.4974701129
ITAIPU,sem,1,1,1,0,,17140.845601006604
ITAIPU,sem,1,1,2,0,,17140.257169840144
ITAIPU,sem,1,1,3,0,,17134.88185140377
ITAIPU,sem,1,1,4,0,,17138.643958561737
ITAIPU,sem,1,1,5,0,,17138.66941656263
ITAIPU,sem,1,2,1,0,,17141.181742598572
ITAIPU,sem,1,2,2,0,,17140.674435245062
ITAIPU,sem,1,2,3,0,,17135.639400903237
ITAIPU,sem,1,2,4,0,,17139.392567472496
ITAIPU,sem,1,2,5,0,,17139.6138913079
ITAIPU,sem,1,3,1,0,,17120.08453858137
ITAIPU,sem,1,3,2,0,,17118.77855308012
ITAIPU,sem,1,3,3,0,,17112.07969284791
ITAIPU,sem,1,3,4,0,,17115.88549837212
ITAIPU,sem,1,3,5,0,,17114.811712748728
ITAIPU,sem,1,4,1,0,,17115.98145461514
ITAIPU,sem,1,4,2,0,,17114.801845331152
ITAIPU,sem,1,4,3,0,,17106.99203612637
ITAIPU,sem,1,4,4,0,,17110.682983982584
ITAIPU,sem,1,4,5,0,,17109.82689365508
ITAIPU,sem,1,5,1,0,,17112.798607707817
ITAIPU,sem,1,5,2,0,,17110.927818196124
ITAIPU,sem,1,5,3,0,,17101.349702106134
ITAIPU,sem,1,5,4,0,,17105.006030417786
ITAIPU,sem,1,5,5,0,,17104.096999573343
ITAIPU,sem,2,1,1,0,,19527.815689855248
ITAIPU,sem,2,1,2,0,,19523.11903584887
ITAIPU,sem,2,1,3,0,,19513.224620593464
ITAIPU,sem,2,1,4,0,,19517.841325929974
ITAIPU,sem,2,1,5,0,,19517.050761927236
ITAIPU,sem,2,2,1,0,,19405.04270767348
ITAIPU,sem,2,2,2,0,,19406.658465993263
ITAIPU,sem,2,2,3,0,,19399.76625910502
ITAIPU,sem,2,2,4,0,,19404.716209185957
ITAIPU,sem,2,2,5,0,,19404.676655529012
ITAIPU,sem,2,3,1,0,,19325.94899924116
ITAIPU,sem,2,3,2,0,,19320.90312789564
ITAIPU,sem,2,3,3,0,,19313.142184077697
ITAIPU,sem,2,3,4,0,,19317.450411535505
ITAIPU,sem,2,3,5,0,,19312.294979087983
ITAIPU,sem,2,4,1,0,,19247.66024979779
ITAIPU,sem,2,4,2,0,,19247.064795053604
ITAIPU,sem,2,4,3,0,,19235.680339761002
ITAIPU,sem,2,4,4,0,,19240.34229591568
ITAIPU,sem,2,4,5,0,,19236.811604186754
ITAIPU,sem,2,5,1,0,,19100.586810939283
ITAIPU,sem,2,5,2,0,,19104.87199461489
ITAIPU,sem,2,5,3,0,,19093.166001243313
ITAIPU,sem,2,5,4,0,,19096.841726877778
ITAIPU,sem,2,5,5,0,,19100.54100759154
ITAIPU,sem,3,1,1,1,,17147.379733658912
ITAIPU,sem,3,1,1,2,,17152.790790208277
ITAIPU,sem,3,1,1,3,,17160.458827420385
ITAIPU,sem,3,1,1,4,,17165.067258956988
ITAIPU,sem,3,1,1,5,,17166.280048049066
ITAIPU,sem,3,1,2,1,,17146.845344904777
ITAIPU,sem,3,1,2,2,,17152.013596966746
ITAIPU,sem,3,1,2,3,,17159.192707481576
ITAIPU,sem,3,1,2,4,,17164.537265285584
ITAIPU,sem,3,1,2,5,,17164.54026798232
ITAIPU,sem,3,1,3,1,,17141.475672448556
ITAIPU,sem,3,1,3,2,,17146.646220929895
ITAIPU,sem,3,1,3,3,,17153.75913443604
ITAIPU,sem,3,1,3,4,,17159.08698745993
ITAIPU,sem,3,1,3,5,,17158.925481546536
ITAIPU,sem,3,1,4,1,,17145.241422786075
ITAIPU,sem,3,1,4,2,,17150.39848322775
ITAIPU,sem,3,1,4,3,,17157.51131404031
ITAIPU,sem,3,1,4,4,,17162.85948743504
ITAIPU,sem,3,1,4,5,,17162.683055951748
ITAIPU,sem,3,1,5,1,,17145.272021666668
ITAIPU,sem,3,1,5,2,,17150.430671910995
ITAIPU,sem,3,1,5,3,,17157.609835930856
ITAIPU,sem,3,1,5,4,,17162.935494082725
ITAIPU,sem,3,1,5,5,,17162.831892103324
ITAIPU,sem,3,2,1,1,,17147.678234576717
ITAIPU,sem,3,2,1,2,,17153.04043004533
ITAIPU,sem,3,2,1,3,,17161.87200496535
ITAIPU,sem,3,2,1,4,,17166.89329127227
ITAIPU,sem,3,2,1,5,,17167.571919143957
ITAIPU,sem,3,2,2,1,,17147.22957115704
ITAIPU,sem,3,2,2,2,,17152.361780721996
ITAIPU,sem,3,2,2,3,,17160.851671025754
ITAIPU,sem,3,2,2,4,,17166.524331939156
ITAIPU,sem,3,2,2,5,,17166.020872442215
ITAIPU,sem,3,2,3,1,,17142.205200799384
ITAIPU,sem,3,2,3,2,,17147.41873233816
ITAIPU,sem,3,2,3,3,,17155.739402432733
ITAIPU,sem,3,2,3,4,,17161.278497257706
ITAIPU,sem,3,2,3,5,,17160.657411438275
ITAIPU,sem,3,2,4,1,,17145.962981258686
ITAIPU,sem,3,2,4,2,,17151.17055442378
ITAIPU,sem,3,2,4,3,,17159.506168826974
ITAIPU,sem,3,2,4,4,,17165.05595979877
ITAIPU,sem,3,2,4,5,,17164.42411335762
ITAIPU,sem,3,2,5,1,,17146.19283742103
ITAIPU,sem,3,2,5,2,,17151.407220034627
ITAIPU,sem,3,2,5,3,,17159.72258541397
ITAIPU,sem,3,2,5,4,,17165.18177207001
ITAIPU,sem,3,2,5,5,,17164.64935899924
ITAIPU,sem,3,3,1,1,,17126.611664998596
ITAIPU,sem,3,3,1,2,,17131.168132662722
ITAIPU,sem,3,3,1,3,,17141.22133863203
ITAIPU,sem,3,3,1,4,,17146.66150798299
ITAIPU,sem,3,3,1,5,,17146.59862090643
ITAIPU,sem,3,3,2,1,,17125.343090927152
ITAIPU,sem,3,3,2,2,,17129.672096657618
ITAIPU,sem,3,3,2,3,,17139.047309924907
ITAIPU,sem,3,3,2,4,,17145.2613640496
ITAIPU,sem,3,3,2,5,,17143.741024571274
ITAIPU,sem,3,3,3,1,,17118.655121045987
ITAIPU,sem,3,3,3,2,,17122.78474891272
ITAIPU,sem,3,3,3,3,,17131.840468377788
ITAIPU,sem,3,3,3,4,,17137.881730146408
ITAIPU,sem,3,3,3,5,,17135.853201437367
ITAIPU,sem,3,3,4,1,,17122.460631400056
ITAIPU,sem,3,3,4,2,,17126.573168088504
ITAIPU,sem,3,3,4,3,,17135.64711930474
ITAIPU,sem,3,3,4,4,,17141.70752787743
ITAIPU,sem,3,3,4,5,,17139.677197038185
ITAIPU,sem,3,3,5,1,,17121.39310962545
ITAIPU,sem,3,3,5,2,,17125.46594026527
ITAIPU,sem,3,3,5,3,,17134.418560081496
ITAIPU,sem,3,3,5,4,,17140.3705441093
ITAIPU,sem,3,3,5,5,,17138.3968734579
ITAIPU,sem,3,4,1,1,,17122.619479004337
ITAIPU,sem,3,4,1,2,,17127.72091151441
ITAIPU,sem,3,4,1,3,,17137.24812760912
ITAIPU,sem,3,4,1,4,,17143.045351822446
ITAIPU,sem,3,4,1,5,,17143.22713427051
ITAIPU,sem,3,4,2,1,,17121.475099738338
ITAIPU,sem,3,4,2,2,,17126.3616482164
ITAIPU,sem,3,4,2,3,,17135.16278444206
ITAIPU,sem,3,4,2,4,,17141.702522458272
ITAIPU,sem,3,4,2,5,,17140.313406700003
ITAIPU,sem,3,4,3,1,,17113.702216777816
ITAIPU,sem,3,4,3,2,,17118.45233819195
ITAIPU,sem,3,4,3,3,,17126.747760387043
ITAIPU,sem,3,4,3,4,,17133.112102721607
ITAIPU,sem,3,4,3,5,,17131.077057971364
ITAIPU,sem,3,4,4,1,,17117.39167084164
ITAIPU,sem,3,4,4,2,,17122.12727726454
ITAIPU,sem,3,4,4,3,,17130.43592984145
ITAIPU,sem,3,4,4,4,,17136.820937496203
ITAIPU,sem,3,4,4,5,,17134.779422782554
ITAIPU,sem,3,4,5,1,,17116.53981738187
ITAIPU,sem,3,4,5,2,,17121.219856985957
ITAIPU,sem,3,4,5,3,,17129.39344350793
ITAIPU,sem,3,4,5,4,,17135.65079692636
ITAIPU,sem,3,4,5,5,,17133.60258780642
ITAIPU,sem,3,5,1,1,,17119.42927218874
ITAIPU,sem,3,5,1,2,,17124.4511514165
ITAIPU,sem,3,5,1,3,,17130.486096771485
ITAIPU,sem,3,5,1,4,,17135.549517438496
ITAIPU,sem,3,5,1,5,,17135.174445190405
ITAIPU,sem,3,5,2,1,,17117.569006649945
ITAIPU,sem,3,5,2,2,,17122.382783067766
ITAIPU,sem,3,5,2,3,,17126.975459141315
ITAIPU,sem,3,5,2,4,,17132.78334141674
ITAIPU,sem,3,5,2,5,,17130.45584088211
ITAIPU,sem,3,5,3,1,,17108.02597991427
ITAIPU,sem,3,5,3,2,,17112.56642380641
ITAIPU,sem,3,5,3,3,,17115.593413034094
ITAIPU,sem,3,5,3,4,,17121.16178647414
ITAIPU,sem,3,5,3,5,,17117.860856554304
ITAIPU,sem,3,5,4,1,,17111.677587847098
ITAIPU,sem,3,5,4,2,,17116.209208897344
ITAIPU,sem,3,5,4,3,,17119.215036972433
ITAIPU,sem,3,5,4,4,,17124.790068343387
ITAIPU,sem,3,5,4,5,,17121.45683258577
ITAIPU,sem,3,5,5,1,,17110.773423857718
ITAIPU,sem,3,5,5,2,,17115.24835996232
ITAIPU,sem,3,5,5,3,,17118.060920105214
ITAIPU,sem,3,5,5,4,,17123.59872582939
ITAIPU,sem,3,5,5,5,,17120.131046984447
ITAIPU,sem,4,1,1,1,,19532.81528900008
ITAIPU,sem,4,1,1,2,,19536.81528900008
ITAIPU,sem,4,1,1,3,,19540.81528900008
ITAIPU,sem,4,1,1,4,,19544.81528900008
ITAIPU,sem,4,1,1,5,,19548.81528900008
ITAIPU,sem,4,1,2,1,,19528.118634993698
ITAIPU,sem,4,1,2,2,,19532.1186349937
ITAIPU,sem,4,1,2,3,,19536.1186349937
ITAIPU,sem,4,1,2,4,,19540.1186349937
ITAIPU,sem,4,1,2,5,,19544.1186349937
ITAIPU,sem,4,1,3,1,,19518.22421973829
ITAIPU,sem,4,1,3,2,,19522.22421973829
ITAIPU,sem,4,1,3,3,,19526.22421973829
ITAIPU,sem,4,1,3,4,,19530.22421973829
ITAIPU,sem,4,1,3,5,,19534.224219738295
ITAIPU,sem,4,1,4,1,,19522.840925074805
ITAIPU,sem,4,1,4,2,,19526.840925074805
ITAIPU,sem,4,1,4,3,,19530.840925074805
ITAIPU,sem,4,1,4,4,,19534.840925074805
ITAIPU,sem,4,1,4,5,,19538.840925074805
ITAIPU,sem,4,1,5,1,,19522.050361072063
ITAIPU,sem,4,1,5,2,,19526.050361072063
ITAIPU,sem,4,1,5,3,,19530.050361072063
ITAIPU,sem,4,1,5,4,,19534.050361072063
ITAIPU,sem,4,1,5,5,,19538.050361072063
ITAIPU,sem,4,2,1,1,,19409.04110339518
ITAIPU,sem,4,2,1,2,,19413.04110339518
ITAIPU,sem,4,2,1,3,,19417.04110339518
ITAIPU,sem,4,2,1,4,,19421.04110339518
ITAIPU,sem,4,2,1,5,,19425.04110339518
ITAIPU,sem,4,2,2,1,,19410.65686171496
ITAIPU,sem,4,2,2,2,,19414.65686171496
ITAIPU,sem,4,2,2,3,,19418.65686171496
ITAIPU,sem,4,2,2,4,,19422.65686171496
ITAIPU,sem,4,2,2,5,,19426.65686171496
ITAIPU,sem,4,2,3,1,,19403.76465482672
ITAIPU,sem,4,2,3,2,,19407.76465482672
ITAIPU,sem,4,2,3,3,,19411.76465482672
ITAIPU,sem,4,2,3,4,,19415.76465482672
ITAIPU,sem,4,2,3,5,,19419.76465482672
ITAIPU,sem,4,2,4,1,,19408.714604907655
ITAIPU,sem,4,2,4,2,,19412.714604907655
ITAIPU,sem,4,2,4,3,,19416.714604907655
ITAIPU,sem,4,2,4,4,,19420.714604907655
ITAIPU,sem,4,2,4,5,,19424.714604907655
ITAIPU,sem,4,2,5,1,,19408.67505125071
ITAIPU,sem,4,2,5,2,,19412.67505125071
ITAIPU,sem,4,2,5,3,,19416.67505125071
ITAIPU,sem,4,2,5,4,,19420.67505125071
ITAIPU,sem,4,2,5,5,,19424.67505125071
ITAIPU,sem,4,3,1,1,,19328.945387683016
ITAIPU,sem,4,3,1,2,,19332.945387683016
ITAIPU,sem,4,3,1,3,,19336.945387683016
ITAIPU,sem,4,3,1,4,,19340.945387683016
ITAIPU,sem,4,3,1,5,,19344.945387683016
ITAIPU,sem,4,3,2,1,,19323.899516337493
ITAIPU,sem,4,3,2,2,,19327.899516337493
ITAIPU,sem,4,3,2,3,,19331.899516337493
ITAIPU,sem,4,3,2,4,,19335.899516337493
ITAIPU,sem,4,3,2,5,,19339.899516337493
ITAIPU,sem,4,3,3,1,,19316.13857251955
ITAIPU,sem,4,3,3,2,,19320.13857251955
ITAIPU,sem,4,3,3,3,,19324.13857251955
ITAIPU,sem,4,3,3,4,,19328.13857251955
ITAIPU,sem,4,3,3,5,,19332.13857251955
ITAIPU,sem,4,3,4,1,,19320.44679997736
ITAIPU,sem,4,3,4,2,,19324.44679997736
ITAIPU,sem,4,3,4,3,,19328.44679997736
ITAIPU,sem,4,3,4,4,,19332.44679997736
ITAIPU,sem,4,3,4,5,,19336.44679997736
ITAIPU,sem,4,3,5,1,,19315.29136752984
ITAIPU,sem,4,3,5,2,,19319.29136752984
ITAIPU,sem,4,3,5,3,,19323.29136752984
ITAIPU,sem,4,3,5,4,,19327.29136752984
ITAIPU,sem,4,3,5,5,,19331.29136752984
ITAIPU,sem,4,4,1,1,,19249.65382581124
ITAIPU,sem,4,4,1,2,,19253.65382581124
ITAIPU,sem,4,4,1,3,,19257.653825811238
ITAIPU,sem,4,4,1,4,,19261.653825811238
ITAIPU,sem,4,4,1,5,,19265.653825811238
ITAIPU,sem,4,4,2,1,,19249.058371067054
ITAIPU,sem,4,4,2,2,,19253.058371067054
ITAIPU,sem,4,4,2,3,,19257.058371067054
ITAIPU,sem,4,4,2,4,,19261.058371067054
ITAIPU,sem,4,4,2,5,,19265.058371067054
ITAIPU,sem,4,4,3,1,,19237.673915774452
ITAIPU,sem,4,4,3,2,,19241.673915774452
ITAIPU,sem,4,4,3,3,,19245.673915774452
ITAIPU,sem,4,4,3,4,,19249.673915774452
ITAIPU,sem,4,4,3,5,,19253.673915774452
ITAIPU,sem,4,4,4,1,,19242.335871929135
ITAIPU,sem,4,4,4,2,,19246.335871929135
ITAIPU,sem,4,4,4,3,,19250.335871929132
ITAIPU,sem,4,4,4,4,,19254.335871929132
ITAIPU,sem,4,4,4,5,,19258.335871929132
ITAIPU,sem,4,4,5,1,,19238.805180200205
ITAIPU,sem,4,4,5,2,,19242.805180200205
ITAIPU,sem,4,4,5,3,,19246.8051802002
ITAIPU,sem,4,4,5,4,,19250.8051802002
ITAIPU,sem,4,4,5,5,,19254.8051802002
ITAIPU,sem,4,5,1,1,,19101.57676808079
ITAIPU,sem,4,5,1,2,,19105.57676808079
ITAIPU,sem,4,5,1,3,,19109.57676808079
ITAIPU,sem,4,5,1,4,,19113.57676808079
ITAIPU,sem,4,5,1,5,,19117.57676808079
ITAIPU,sem,4,5,2,1,,19105.8619517564
ITAIPU,sem,4,5,2,2,,19109.8619517564
ITAIPU,sem,4,5,2,3,,19113.861951756397
ITAIPU,sem,4,5,2,4,,19117.861951756397
ITAIPU,sem,4,5,2,5,,19121.861951756397
ITAIPU,sem,4,5,3,1,,19094.155958384825
ITAIPU,sem,4,5,3,2,,19098.155958384825
ITAIPU,sem,4,5,3,3,,19102.15595838482
ITAIPU,sem,4,5,3,4,,19106.155958384825
ITAIPU,sem,4,5,3,5,,19110.15595838482
ITAIPU,sem,4,5,4,1,,19097.83168401929
ITAIPU,sem,4,5,4,2,,19101.83168401929
ITAIPU,sem,4,5,4,3,,19105.83168401929
ITAIPU,sem,4,5,4,4,,19109.83168401929
ITAIPU,sem,4,5,4,5,,19113.83168401929
ITAIPU,sem,4,5,5,1,,19101.530964733047
ITAIPU,sem,4,5,5,2,,19105.530964733047
ITAIPU,sem,4,5,5,3,,19109.530964733047
ITAIPU,sem,4,5,5,4,,19113.530964733047
ITAIPU,sem,4,5,5,5,,19117.530964733047
ITAIPU,mes,1,1,1,0,,4022.4503378669074
ITAIPU,mes,1,1,2,0,,4018.7394723379966
ITAIPU,mes,1,1,3,0,,4009.7776736658116
ITAIPU,mes,1,1,4,0,,4013.337996789367
ITAIPU,mes,1,1,5,0,,4015.242372196465
ITAIPU,mes,1,2,1,0,,4021.4210537533518
ITAIPU,mes,1,2,2,0,,4015.5498113249014
ITAIPU,mes,1,2,3,0,,4005.517892992837
ITAIPU,mes,1,2,4,0,,4009.1565610810085
ITAIPU,mes,1,2,5,0,,4011.2219145504646
ITAIPU,mes,1,3,1,0,,4022.3014267299127
ITAIPU,mes,1,3,2,0,,4016.1727709519155
ITAIPU,mes,1,3,3,0,,4007.0962838201012
ITAIPU,mes,1,3,4,0,,4010.8013804453394
ITAIPU,mes,1,3,5,0,,4012.7205114608614
ITAIPU,mes,1,4,1,0,,4023.4912629375604
ITAIPU,mes,1,4,2,0,,4017.740449762572
ITAIPU,mes,1,4,3,0,,4009.0870799378977
ITAIPU,mes,1,4,4,0,,4012.78317152797
ITAIPU,mes,1,4,5,0,,4014.716628953866
ITAIPU,mes,1,5,1,0,,4020.9687208967907
ITAIPU,mes,1,5,2,0,,4016.8206363663035
ITAIPU,mes,1,5,3,0,,4005.4671717573315
ITAIPU,mes,1,5,4,0,,4009.1488584297867
ITAIPU,mes,1,5,5,0,,4011.291762199032
ITAIPU,mes,2,1,1,0,,4582.236977845132
ITAIPU,mes,2,1,2,0,,4579.289303637523
ITAIPU,mes,2,1,3,0,,4565.760195002991
ITAIPU,mes,2,1,4,0,,4568.915463960153
ITAIPU,mes,2,1,5,0,,4570.428280024216
ITAIPU,mes,2,2,1,0,,4574.370991413459
ITAIPU,mes,2,2,2,0,,4567.773127485087
ITAIPU,mes,2,2,3,0,,4550.8467153533675
ITAIPU,mes,2,2,4,0,,4553.562723496951
ITAIPU,mes,2,2,5,0,,4554.221336649104
ITAIPU,mes,2,3,1,0,,4564.063223473233
ITAIPU,mes,2,3,2,0,,4558.085141577489
ITAIPU,mes,2,3,3,0,,4540.629096701698
ITAIPU,mes,2,3,4,0,,4543.633479897525
ITAIPU,mes,2,3,5,0,,4543.293952332768
ITAIPU,mes,2,4,1,0,,4553.804568983384
ITAIPU,mes,2,4,2,0,,4545.946175187353
ITAIPU,mes,2,4,3,0,,4528.976978324953
ITAIPU,mes,2,4,4,0,,4531.488500054413
ITAIPU,mes,2,4,5,0,,4529.7346535813285
ITAIPU,mes,2,5,1,0,,4529.025935814396
ITAIPU,mes,2,5,2,0,,4519.787006860997
ITAIPU,mes,2,5,3,0,,4507.298554155341
ITAIPU,mes,2,5,4,0,,4509.623190444566
ITAIPU,mes,2,5,5,0,,4507.892617927073
ITAIPU,mes,3,1,1,1,,4029.2573092675425
ITAIPU,mes,3,1,1,2,,4034.9666608501752
ITAIPU,mes,3,1,1,3,,4033.594710499116
ITAIPU,mes,3,1,1,4,,4034.4219675693034
ITAIPU,mes,3,1,1,5,,4041.5825408799565
ITAIPU,mes,3,1,2,1,,4025.458502938147
ITAIPU,mes,3,1,2,2,,4030.9425912971647
ITAIPU,mes,3,1,2,3,,4026.7844421547775
ITAIPU,mes,3,1,2,4,,4028.3637661035264
ITAIPU,mes,3,1,2,5,,4032.9964855626367
ITAIPU,mes,3,1,3,1,,4016.513338552742
ITAIPU,mes,3,1,3,2,,4021.2243561014498
ITAIPU,mes,3,1,3,3,,4014.217781962709
ITAIPU,mes,3,1,3,4,,4015.5720649144
ITAIPU,mes,3,1,3,5,,4019.2964643970085
ITAIPU,mes,3,1,4,1,,4020.0502513568313
ITAIPU,mes,3,1,4,2,,4024.8087103238477
ITAIPU,mes,3,1,4,3,,4017.5823103159832
ITAIPU,mes,3,1,4,4,,4018.9072547678093
ITAIPU,mes,3,1,4,5,,4022.5664193492535
ITAIPU,mes,3,1,5,1,,4021.919874793896
ITAIPU,mes,3,1,5,2,,4026.786619662712
ITAIPU,mes,3,1,5,3,,4019.306536780465
ITAIPU,mes,3,1,5,4,,4020.5955682425765
ITAIPU,mes,3,1,5,5,,4024.1774223895054
ITAIPU,mes,3,2,1,1,,4028.2611800330374
ITAIPU,mes,3,2,1,2,,4033.98537293993
ITAIPU,mes,3,2,1,3,,4032.299423956009
ITAIPU,mes,3,2,1,4,,4033.1065827572675
ITAIPU,mes,3,2,1,5,,4040.0102206264223
ITAIPU,mes,3,2,2,1,,4022.2819299313105
ITAIPU,mes,3,2,2,2,,4027.7973646528435
ITAIPU,mes,3,2,2,3,,4022.7324444113433
ITAIPU,mes,3,2,2,4,,4024.415804511251
ITAIPU,mes,3,2,2,5,,4028.7331127850052
ITAIPU,mes,3,2,3,1,,4012.2620189866807
ITAIPU,mes,3,2,3,2,,4017.06407593726
ITAIPU,mes,3,2,3,3,,4008.987993160947
ITAIPU,mes,3,2,3,4,,4010.306954629425
ITAIPU,mes,3,2,3,5,,4013.712676824251
ITAIPU,mes,3,2,4,1,,4015.88512128931
ITAIPU,mes,3,2,4,2,,4020.722503773054
ITAIPU,mes,3,2,4,3,,4012.523500414634
ITAIPU,mes,3,2,4,4,,4013.8233920714274
ITAIPU,mes,3,2,4,5,,4017.1866776702063
ITAIPU,mes,3,2,5,1,,4017.934873697259
ITAIPU,mes,3,2,5,2,,4022.8288886977466
ITAIPU,mes,3,2,5,3,,4014.5006525222566
ITAIPU,mes,3,2,5,4,,4015.753130082958
ITAIPU,mes,3,2,5,5,,4019.050798713512
ITAIPU,mes,3,3,1,1,,4028.989997211559
ITAIPU,mes,3,3,1,2,,4034.422015370851
ITAIPU,mes,3,3,1,3,,4032.6489087318646
ITAIPU,mes,3,3,1,4,,4033.5479482530386
ITAIPU,mes,3,3,1,5,,4040.350509474311
ITAIPU,mes,3,3,2,1,,4022.7285657957373
ITAIPU,mes,3,3,2,2,,4027.771922481172
ITAIPU,mes,3,3,2,3,,4022.9526531641154
ITAIPU,mes,3,3,2,4,,4024.773739820582
ITAIPU,mes,3,3,2,5,,4029.17057209408
ITAIPU,mes,3,3,3,1,,4013.7733898001675
ITAIPU,mes,3,3,3,2,,4018.5804161271863
ITAIPU,mes,3,3,3,3,,4010.6896154999417
ITAIPU,mes,3,3,3,4,,4012.003008611986
ITAIPU,mes,3,3,3,5,,4015.3726937758233
ITAIPU,mes,3,3,4,1,,4017.4655649067904
ITAIPU,mes,3,3,4,2,,4022.2974778416706
ITAIPU,mes,3,3,4,3,,4014.2823311663506
ITAIPU,mes,3,3,4,4,,4015.5807115003486
ITAIPU,mes,3,3,4,5,,4018.9145293242536
ITAIPU,mes,3,3,5,1,,4019.3625867840833
ITAIPU,mes,3,3,5,2,,4024.3022664777322
ITAIPU,mes,3,3,5,3,,4016.141979666719
ITAIPU,mes,3,3,5,4,,4017.3739975053504
ITAIPU,mes,3,3,5,5,,4020.626753113642
ITAIPU,mes,3,4,1,1,,4030.0338473115535
ITAIPU,mes,3,4,1,2,,4035.945724433708
ITAIPU,mes,3,4,1,3,,4034.212252137103
ITAIPU,mes,3,4,1,4,,4035.388692296962
ITAIPU,mes,3,4,1,5,,4042.038202051092
ITAIPU,mes,3,4,2,1,,4024.233243336488
ITAIPU,mes,3,4,2,2,,4029.5900466133126
ITAIPU,mes,3,4,2,3,,4024.8937666277893
ITAIPU,mes,3,4,2,4,,4026.873684945462
ITAIPU,mes,3,4,2,5,,4031.26797847234
ITAIPU,mes,3,4,3,1,,4015.767243034055
ITAIPU,mes,3,4,3,2,,4020.5644690720014
ITAIPU,mes,3,4,3,3,,4012.6544696250785
ITAIPU,mes,3,4,3,4,,4013.99417158238
ITAIPU,mes,3,4,3,5,,4017.375276410321
ITAIPU,mes,3,4,4,1,,4019.4476048213905
ITAIPU,mes,3,4,4,2,,4024.2844179034796
ITAIPU,mes,3,4,4,3,,4016.2639750989742
ITAIPU,mes,3,4,4,4,,4017.5981495058613
ITAIPU,mes,3,4,4,5,,4020.9429245468195
ITAIPU,mes,3,4,5,1,,4021.352547455785
ITAIPU,mes,3,4,5,2,,4026.296377024554
ITAIPU,mes,3,4,5,3,,4018.12646013435
ITAIPU,mes,3,4,5,4,,4019.40497688348
ITAIPU,mes,3,4,5,5,,4022.6661498671024
ITAIPU,mes,3,5,1,1,,4027.2190849620342
ITAIPU,mes,3,5,1,2,,4032.784958393872
ITAIPU,mes,3,5,1,3,,4032.928794329985
ITAIPU,mes,3,5,1,4,,4034.2165805811464
ITAIPU,mes,3,5,1,5,,4040.8658880885346
ITAIPU,mes,3,5,2,1,,4023.036315734303
ITAIPU,mes,3,5,2,2,,4028.3548705907106
ITAIPU,mes,3,5,2,3,,4025.1822445318526
ITAIPU,mes,3,5,2,4,,4027.209566249845
ITAIPU,mes,3,5,2,5,,4031.553457800792
ITAIPU,mes,3,5,3,1,,4011.8720241817573
ITAIPU,mes,3,5,3,2,,4016.444351891433
ITAIPU,mes,3,5,3,3,,4010.420876933922
ITAIPU,mes,3,5,3,4,,4011.793659105562
ITAIPU,mes,3,5,3,5,,4014.9508676066075
ITAIPU,mes,3,5,4,1,,4015.5670294085307
ITAIPU,mes,3,5,4,2,,4020.1419232192948
ITAIPU,mes,3,5,4,3,,4014.025178269507
ITAIPU,mes,3,5,4,4,,4015.40735862958
ITAIPU,mes,3,5,4,5,,4018.527325573784
ITAIPU,mes,3,5,5,1,,4017.660085692415
ITAIPU,mes,3,5,5,2,,4022.3675703588187
ITAIPU,mes,3,5,5,3,,4016.085262417826
ITAIPU,mes,3,5,5,4,,4017.4124118662144
ITAIPU,mes,3,5,5,5,,4020.4645890258485
ITAIPU,mes,4,1,1,1,,4587.23523770475
ITAIPU,mes,4,1,1,2,,4591.23523770475
ITAIPU,mes,4,1,1,3,,4595.23523770475
ITAIPU,mes,4,1,1,4,,4599.23523770475
ITAIPU,mes,4,1,1,5,,4603.23523770475
ITAIPU,mes,4,1,2,1,,4584.287563497141
ITAIPU,mes,4,1,2,2,,4588.287563497141
ITAIPU,mes,4,1,2,3,,4592.287563497141
ITAIPU,mes,4,1,2,4,,4596.2875634971415
ITAIPU,mes,4,1,2,5,,4600.287563497141
ITAIPU,mes,4,1,3,1,,4570.758454862609
ITAIPU,mes,4,1,3,2,,4574.758454862609
ITAIPU,mes,4,1,3,3,,4578.758454862609
ITAIPU,mes,4,1,3,4,,4582.758454862609
ITAIPU,mes,4,1,3,5,,4586.758454862609
ITAIPU,mes,4,1,4,1,,4573.913723819772
ITAIPU,mes,4,1,4,2,,4577.913723819772
ITAIPU,mes,4,1,4,3,,4581.913723819772
ITAIPU,mes,4,1,4,4,,4585.913723819772
ITAIPU,mes,4,1,4,5,,4589.913723819772
ITAIPU,mes,4,1,5,1,,4575.426539883834
ITAIPU,mes,4,1,5,2,,4579.426539883834
ITAIPU,mes,4,1,5,3,,4583.426539883834
ITAIPU,mes,4,1,5,4,,4587.426539883834
ITAIPU,mes,4,1,5,5,,4591.426539883834
ITAIPU,mes,4,2,1,1,,4578.364014650423
ITAIPU,mes,4,2,1,2,,4582.364014650424
ITAIPU,mes,4,2,1,3,,4586.364014650424
ITAIPU,mes,4,2,1,4,,4590.364014650424
ITAIPU,mes,4,2,1,5,,4594.364014650424
ITAIPU,mes,4,2,2,1,,4571.766150722052
ITAIPU,mes,4,2,2,2,,4575.766150722052
ITAIPU,mes,4,2,2,3,,4579.766150722052
ITAIPU,mes,4,2,2,4,,4583.766150722053
ITAIPU,mes,4,2,2,5,,4587.766150722053
ITAIPU,mes,4,2,3,1,,4554.839738590332
ITAIPU,mes,4,2,3,2,,4558.839738590332
ITAIPU,mes,4,2,3,3,,4562.839738590332
ITAIPU,mes,4,2,3,4,,4566.839738590332
ITAIPU,mes,4,2,3,5,,4570.839738590332
ITAIPU,mes,4,2,4,1,,4557.555746733916
ITAIPU,mes,4,2,4,2,,4561.555746733916
ITAIPU,mes,4,2,4,3,,4565.555746733916
ITAIPU,mes,4,2,4,4,,4569.555746733916
ITAIPU,mes,4,2,4,5,,4573.555746733916
ITAIPU,mes,4,2,5,1,,4558.214359886069
ITAIPU,mes,4,2,5,2,,4562.214359886069
ITAIPU,mes,4,2,5,3,,4566.214359886069
ITAIPU,mes,4,2,5,4,,4570.214359886069
ITAIPU,mes,4,2,5,5,,4574.214359886069
ITAIPU,mes,4,3,1,1,,4567.047489111452
ITAIPU,mes,4,3,1,2,,4571.047489111452
ITAIPU,mes,4,3,1,3,,4575.047489111452
ITAIPU,mes,4,3,1,4,,4579.047489111452
ITAIPU,mes,4,3,1,5,,4583.047489111452
ITAIPU,mes,4,3,2,1,,4561.0694072157075
ITAIPU,mes,4,3,2,2,,4565.0694072157075
ITAIPU,mes,4,3,2,3,,4569.0694072157075
ITAIPU,mes,4,3,2,4,,4573.0694072157075
ITAIPU,mes,4,3,2,5,,4577.0694072157075
ITAIPU,mes,4,3,3,1,,4543.613362339916
ITAIPU,mes,4,3,3,2,,4547.613362339916
ITAIPU,mes,4,3,3,3,,4551.613362339916
ITAIPU,mes,4,3,3,4,,4555.613362339916
ITAIPU,mes,4,3,3,5,,4559.613362339916
ITAIPU,mes,4,3,4,1,,4546.617745535745
ITAIPU,mes,4,3,4,2,,4550.617745535745
ITAIPU,mes,4,3,4,3,,4554.617745535745
ITAIPU,mes,4,3,4,4,,4558.617745535745
ITAIPU,mes,4,3,4,5,,4562.617745535745
ITAIPU,mes,4,3,5,1,,4546.278217970987
ITAIPU,mes,4,3,5,2,,4550.278217970987
ITAIPU,mes,4,3,5,3,,4554.278217970987
ITAIPU,mes,4,3,5,4,,4558.278217970987
ITAIPU,mes,4,3,5,5,,4562.278217970987
ITAIPU,mes,4,4,1,1,,4555.776531294659
ITAIPU,mes,4,4,1,2,,4559.776531294659
ITAIPU,mes,4,4,1,3,,4563.776531294659
ITAIPU,mes,4,4,1,4,,4567.776531294659
ITAIPU,mes,4,4,1,5,,4571.776531294659
ITAIPU,mes,4,4,2,1,,4547.918137498627
ITAIPU,mes,4,4,2,2,,4551.918137498627
ITAIPU,mes,4,4,2,3,,4555.918137498627
ITAIPU,mes,4,4,2,4,,4559.918137498627
ITAIPU,mes,4,4,2,5,,4563.918137498627
ITAIPU,mes,4,4,3,1,,4530.948940636228
ITAIPU,mes,4,4,3,2,,4534.948940636228
ITAIPU,mes,4,4,3,3,,4538.948940636228
ITAIPU,mes,4,4,3,4,,4542.948940636228
ITAIPU,mes,4,4,3,5,,4546.948940636228
ITAIPU,mes,4,4,4,1,,4533.460462365688
ITAIPU,mes,4,4,4,2,,4537.460462365688
ITAIPU,mes,4,4,4,3,,4541.460462365689
ITAIPU,mes,4,4,4,4,,4545.460462365689
ITAIPU,mes,4,4,4,5,,4549.460462365689
ITAIPU,mes,4,4,5,1,,4531.706615892604
ITAIPU,mes,4,4,5,2,,4535.706615892604
ITAIPU,mes,4,4,5,3,,4539.706615892604
ITAIPU,mes,4,4,5,4,,4543.706615892604
ITAIPU,mes,4,4,5,5,,4547.706615892604
ITAIPU,mes,4,5,1,1,,4529.982024056495
ITAIPU,mes,4,5,1,2,,4533.982024056495
ITAIPU,mes,4,5,1,3,,4537.982024056495
ITAIPU,mes,4,5,1,4,,4541.982024056496
ITAIPU,mes,4,5,1,5,,4545.982024056496
ITAIPU,mes,4,5,2,1,,4520.743095103097
ITAIPU,mes,4,5,2,2,,4524.743095103097
ITAIPU,mes,4,5,2,3,,4528.743095103097
ITAIPU,mes,4,5,2,4,,4532.743095103097
ITAIPU,mes,4,5,2,5,,4536.743095103098
ITAIPU,mes,4,5,3,1,,4508.25464239744
ITAIPU,mes,4,5,3,2,,4512.25464239744
ITAIPU,mes,4,5,3,3,,4516.25464239744
ITAIPU,mes,4,5,3,4,,4520.25464239744
ITAIPU,mes,4,5,3,5,,4524.254642397441
ITAIPU,mes,4,5,4,1,,4510.579278686666
ITAIPU,mes,4,5,4,2,,4514.579278686666
ITAIPU,mes,4,5,4,3,,4518.579278686666
ITAIPU,mes,4,5,4,4,,4522.579278686667
ITAIPU,mes,4,5,4,5,,4526.579278686667
ITAIPU,mes,4,5,5,1,,4508.848706169173
ITAIPU,mes,4,5,5,2,,4512.848706169173
ITAIPU,mes,4,5,5,3,,4516.848706169173
ITAIPU,mes,4,5,5,4,,4520.848706169173
ITAIPU,mes,4,5,5,5,,4524.848706169174
MACHADINHO,dia,1,1,1,0,,81197.94736433685
MACHADINHO,dia,1,1,2,0,,81196.43488662735
MACHADINHO,dia,1,1,3,0,,81191.30017916347
MACHADINHO,dia,1,1,4,0,,81193.04189269463
MACHADINHO,dia,1,1,5,0,,81195.63900646774
MACHADINHO,dia,1,2,1,0,,80875.36986753314
MACHADINHO,dia,1,2,2,0,,80871.43509651486
MACHADINHO,dia,1,2,3,0,,80862.65921762347
MACHADINHO,dia,1,2,4,0,,80863.49395876736
MACHADINHO,dia,1,2,5,0,,80865.66004259886
MACHADINHO,dia,1,3,1,0,,80734.94017575799
MACHADINHO,dia,1,3,2,0,,80732.69188846786
MACHADINHO,dia,1,3,3,0,,80726.42702725707
MACHADINHO,dia,1,3,4,0,,80727.83990168247
MACHADINHO,dia,1,3,5,0,,80730.28677538475
MACHADINHO,dia,1,4,1,0,,80735.83662267684
MACHADINHO,dia,1,4,2,0,,80733.4624434617
MACHADINHO,dia,1,4,3,0,,80727.0102533976
MACHADINHO,dia,1,4,4,0,,80728.3640625773
MACHADINHO,dia,1,4,5,0,,80730.79266593006
MACHADINHO,dia,1,5,1,0,,80724.46739641439
MACHADINHO,dia,1,5,2,0,,80722.51840485733
MACHADINHO,dia,1,5,3,0,,80716.66185942567
MACHADINHO,dia,1,5,4,0,,80718.13429258627
MACHADINHO,dia,1,5,5,0,,80720.61377046425
MACHADINHO,dia,2,1,1,0,,96832.59033580023
MACHADINHO,dia,2,1,2,0,,96859.8610785812
MACHADINHO,dia,2,1,3,0,,96847.50059962743
MACHADINHO,dia,2,1,4,0,,96845.24521663647
MACHADINHO,dia,2,1,5,0,,96826.48833671646
MACHADINHO,dia,2,2,1,0,,94988.02740287792
MACHADINHO,dia,2,2,2,0,,95008.62429866307
MACHADINHO,dia,2,2,3,0,,94990.97776281957
MACHADINHO,dia,2,2,4,0,,94970.20250181264
MACHADINHO,dia,2,2,5,0,,94941.98346428135
MACHADINHO,dia,2,3,1,0,,93846.62699971427
MACHADINHO,dia,2,3,2,0,,93868.86944509967
MACHADINHO,dia,2,3,3,0,,93870.51044519975
MACHADINHO,dia,2,3,4,0,,93857.8050642033
MACHADINHO,dia,2,3,5,0,,93832.51226887756
MACHADINHO,dia,2,4,1,0,,92369.98092416266
MACHADINHO,dia,2,4,2,0,,92386.55556450617
MACHADINHO,dia,2,4,3,0,,92387.93728847844
MACHADINHO,dia,2,4,4,0,,92379.70975695027
MACHADINHO,dia,2,4,5,0,,92353.93275578365
MACHADINHO,dia,2,5,1,0,,91718.73949083198
MACHADINHO,dia,2,5,2,0,,91717.3618054649
MACHADINHO,dia,2,5,3,0,,91708.3616976243
MACHADINHO,dia,2,5,4,0,,91703.19859991541
MACHADINHO,dia,2,5,5,0,,91691.97854714289
MACHADINHO,dia,3,1,1,1,,81197.83425012103
MACHADINHO,dia,3,1,1,2,,81205.74039547675
MACHADINHO,dia,3,1,1,3,,81209.80012618439
MACHADINHO,dia,3,1,1,4,,81212.69581540782
MACHADINHO,dia,3,1,1,5,,81216.28071461576
MACHADINHO,dia,3,1,2,1,,81196.36397384624
MACHADINHO,dia,3,1,2,2,,81203.6060469364
MACHADINHO,dia,3,1,2,3,,81206.80065133465
MACHADINHO,dia,3,1,2,4,,81209.61143403211
MACHADINHO,dia,3,1,2,5,,81212.75176277278
MACHADINHO,dia,3,1,3,1,,81191.02175250197
MACHADINHO,dia,3,1,3,2,,81198.51192903015
MACHADINHO,dia,3,1,3,3,,81201.10749045358
MACHADINHO,dia,3,1,3,4,,81203.91552694369
MACHADINHO,dia,3,1,3,5,,81206.97667660221
MACHADINHO,dia,3,1,4,1,,81192.71362667232
MACHADINHO,dia,3,1,4,2,,81200.11004768078
MACHADINHO,dia,3,1,4,3,,81202.77917830551
MACHADINHO,dia,3,1,4,4,,81205.58478280068
MACHADINHO,dia,3,1,4,5,,81208.62665986553
MACHADINHO,dia,3,1,5,1,,81195.33339611713
MACHADINHO,dia,3,1,5,2,,81202.82401012027
MACHADINHO,dia,3,1,5,3,,81205.42248915788
MACHADINHO,dia,3,1,5,4,,81208.2231253372
MACHADINHO,dia,3,1,5,5,,81211.26926203753
MACHADINHO,dia,3,2,1,1,,80875.72890292126
MACHADINHO,dia,3,2,1,2,,80892.95969133914
MACHADINHO,dia,3,2,1,3,,80892.31604712865
MACHADINHO,dia,3,2,1,4,,80894.59928098292
MACHADINHO,dia,3,2,1,5,,80897.67432497117
MACHADINHO,dia,3,2,2,1,,80871.89267275404
MACHADINHO,dia,3,2,2,2,,80888.62944641859
MACHADINHO,dia,3,2,2,3,,80886.25885380445
MACHADINHO,dia,3,2,2,4,,80888.39910585192
MACHADINHO,dia,3,2,2,5,,80890.94315437034
MACHADINHO,dia,3,2,3,1,,80862.91865926786
MACHADINHO,dia,3,2,3,2,,80879.67511574888
MACHADINHO,dia,3,2,3,3,,80876.69929081539
MACHADINHO,dia,3,2,3,4,,80878.84201249738
MACHADINHO,dia,3,2,3,5,,80881.27561816991
MACHADINHO,dia,3,2,4,1,,80863.71443473983
MACHADINHO,dia,3,2,4,2,,80880.39396536897
MACHADINHO,dia,3,2,4,3,,80877.49424376956
MACHADINHO,dia,3,2,4,4,,80879.63407859109
MACHADINHO,dia,3,2,4,5,,80882.03883113351
MACHADINHO,dia,3,2,5,1,,80865.8991181241
MACHADINHO,dia,3,2,5,2,,80882.64376707087
MACHADINHO,dia,3,2,5,3,,80879.69156944269
MACHADINHO,dia,3,2,5,4,,80881.82602972173
MACHADINHO,dia,3,2,5,5,,80884.24060328671
MACHADINHO,dia,3,3,1,1,,80735.37143649782
MACHADINHO,dia,3,3,1,2,,80760.01442970647
MACHADINHO,dia,3,3,1,3,,80752.29412116105
MACHADINHO,dia,3,3,1,4,,80754.43528084105
MACHADINHO,dia,3,3,1,5,,80759.01719908619
MACHADINHO,dia,3,3,2,1,,80733.17324755454
MACHADINHO,dia,3,3,2,2,,80757.05887417469
MACHADINHO,dia,3,3,2,3,,80748.28729526854
MACHADINHO,dia,3,3,2,4,,80750.30478303017
MACHADINHO,dia,3,3,2,5,,80754.42529180854
MACHADINHO,dia,3,3,3,1,,80726.69873569452
MACHADINHO,dia,3,3,3,2,,80750.8128191893
MACHADINHO,dia,3,3,3,3,,80741.5150555973
MACHADINHO,dia,3,3,3,4,,80743.54464018911
MACHADINHO,dia,3,3,3,5,,80747.57023906325
MACHADINHO,dia,3,3,4,1,,80728.06275273905
MACHADINHO,dia,3,3,4,2,,80752.07321801141
MACHADINHO,dia,3,3,4,3,,80742.85532517693
MACHADINHO,dia,3,3,4,4,,80744.88089911485
MACHADINHO,dia,3,3,4,5,,80748.8811257332
MACHADINHO,dia,3,3,5,1,,80730.53146305322
MACHADINHO,dia,3,3,5,2,,80754.64332531237
MACHADINHO,dia,3,3,5,3,,80745.35506511909
MACHADINHO,dia,3,3,5,4,,80747.37742142481
MACHADINHO,dia,3,3,5,5,,80751.38246319322
MACHADINHO,dia,3,4,1,1,,80738.84733339402
MACHADINHO,dia,3,4,1,2,,80771.1507213562
MACHADINHO,dia,3,4,1,3,,80761.70184183141
MACHADINHO,dia,3,4,1,4,,80764.71975032231
MACHADINHO,dia,3,4,1,5,,80769.5872302664
MACHADINHO,dia,3,4,2,1,,80736.69308662867
MACHADINHO,dia,3,4,2,2,,80768.58382751087
MACHADINHO,dia,3,4,2,3,,80757.89156014867
MACHADINHO,dia,3,4,2,4,,80760.81340744963
MACHADINHO,dia,3,4,2,5,,80765.1345549551
MACHADINHO,dia,3,4,3,1,,80729.99740771526
MACHADINHO,dia,3,4,3,2,,80761.96310624585
MACHADINHO,dia,3,4,3,3,,80750.70566006328
MACHADINHO,dia,3,4,3,4,,80753.61453951609
MACHADINHO,dia,3,4,3,5,,80757.86919450469
MACHADINHO,dia,3,4,4,1,,80731.31316815963
MACHADINHO,dia,3,4,4,2,,80763.19047779882
MACHADINHO,dia,3,4,4,3,,80752.01635253626
MACHADINHO,dia,3,4,4,4,,80754.9260824722
MACHADINHO,dia,3,4,4,5,,80759.15342207983
MACHADINHO,dia,3,4,5,1,,80733.75898856959
MACHADINHO,dia,3,4,5,2,,80765.71643066836
MACHADINHO,dia,3,4,5,3,,80754.47375113689
MACHADINHO,dia,3,4,5,4,,80757.37854222929
MACHADINHO,dia,3,4,5,5,,80761.61262008494
MACHADINHO,dia,3,5,1,1,,80728.04877655843
MACHADINHO,dia,3,5,1,2,,80765.4575961877
MACHADINHO,dia,3,5,1,3,,80752.62331494897
MACHADINHO,dia,3,5,1,4,,80755.66852598042
MACHADINHO,dia,3,5,1,5,,80761.2105668915
MACHADINHO,dia,3,5,2,1,,80726.35584986198
MACHADINHO,dia,3,5,2,2,,80763.56826614238
MACHADINHO,dia,3,5,2,3,,80749.50227933205
MACHADINHO,dia,3,5,2,4,,80752.45751183288
MACHADINHO,dia,3,5,2,5,,80757.43631355006
MACHADINHO,dia,3,5,3,1,,80720.23320069705
MACHADINHO,dia,3,5,3,2,,80757.41737278568
MACHADINHO,dia,3,5,3,3,,80742.8766270932
MACHADINHO,dia,3,5,3,4,,80745.81470662271
MACHADINHO,dia,3,5,3,5,,80750.72384506399
MACHADINHO,dia,3,5,4,1,,80721.66720757617
MACHADINHO,dia,3,5,4,2,,80758.7631785805
MACHADINHO,dia,3,5,4,3,,80744.31200467002
MACHADINHO,dia,3,5,4,4,,80747.25030650535
MACHADINHO,dia,3,5,4,5,,80752.13466039799
MACHADINHO,dia,3,5,5,1,,80724.16309296373
MACHADINHO,dia,3,5,5,2,,80761.33544588705
MACHADINHO,dia,3,5,5,3,,80746.81429397174
MACHADINHO,dia,3,5,5,4,,80749.7489569465
MACHADINHO,dia,3,5,5,5,,80754.63469890192
MACHADINHO,dia,4,1,1,1,,96837.59027871826
MACHADINHO,dia,4,1,1,2,,96841.59027871824
MACHADINHO,dia,4,1,1,3,,96845.59027871826
MACHADINHO,dia,4,1,1,4,,96849.59027871826
MACHADINHO,dia,4,1,1,5,,96853.59027871824
MACHADINHO,dia,4,1,2,1,,96864.86102149924
MACHADINHO,dia,4,1,2,2,,96868.86102149924
MACHADINHO,dia,4,1,2,3,,96872.86102149924
MACHADINHO,dia,4,1,2,4,,96876.86102149924
MACHADINHO,dia,4,1,2,5,,96880.86102149924
MACHADINHO,dia,4,1,3,1,,96852.50054254546
MACHADINHO,dia,4,1,3,2,,96856.50054254546
MACHADINHO,dia,4,1,3,3,,96860.50054254546
MACHADINHO,dia,4,1,3,4,,96864.50054254546
MACHADINHO,dia,4,1,3,5,,96868.50054254546
MACHADINHO,dia,4,1,4,1,,96850.2451595545
MACHADINHO,dia,4,1,4,2,,96854.2451595545
MACHADINHO,dia,4,1,4,3,,96858.2451595545
MACHADINHO,dia,4,1,4,4,,96862.2451595545
MACHADINHO,dia,4,1,4,5,,96866.2451595545
MACHADINHO,dia,4,1,5,1,,96831.48827963449
MACHADINHO,dia,4,1,5,2,,96835.48827963449
MACHADINHO,dia,4,1,5,3,,96839.48827963449
MACHADINHO,dia,4,1,5,4,,96843.48827963449
MACHADINHO,dia,4,1,5,5,,96847.48827963449
MACHADINHO,dia,4,2,1,1,,94992.02717453266
MACHADINHO,dia,4,2,1,2,,94996.02717453266
MACHADINHO,dia,4,2,1,3,,95000.02717453266
MACHADINHO,dia,4,2,1,4,,95004.02717453266
MACHADINHO,dia,4,2,1,5,,95008.02717453266
MACHADINHO,dia,4,2,2,1,,95012.62407031779
MACHADINHO,dia,4,2,2,2,,95016.62407031779
MACHADINHO,dia,4,2,2,3,,95020.62407031779
MACHADINHO,dia,4,2,2,4,,95024.62407031779
MACHADINHO,dia,4,2,2,5,,95028.62407031779
MACHADINHO,dia,4,2,3,1,,94994.97753447432
MACHADINHO,dia,4,2,3,2,,94998.97753447432
MACHADINHO,dia,4,2,3,3,,95002.97753447432
MACHADINHO,dia,4,2,3,4,,95006.97753447432
MACHADINHO,dia,4,2,3,5,,95010.97753447432
MACHADINHO,dia,4,2,4,1,,94974.20227346737
MACHADINHO,dia,4,2,4,2,,94978.20227346737
MACHADINHO,dia,4,2,4,3,,94982.20227346737
MACHADINHO,dia,4,2,4,4,,94986.20227346737
MACHADINHO,dia,4,2,4,5,,94990.20227346737
MACHADINHO,dia,4,2,5,1,,94945.98323593607
MACHADINHO,dia,4,2,5,2,,94949.98323593607
MACHADINHO,dia,4,2,5,3,,94953.98323593607
MACHADINHO,dia,4,2,5,4,,94957.98323593607
MACHADINHO,dia,4,2,5,5,,94961.98323593607
MACHADINHO,dia,4,3,1,1,,93849.62648589832
MACHADINHO,dia,4,3,1,2,,93853.62648589832
MACHADINHO,dia,4,3,1,3,,93857.62648589832
MACHADINHO,dia,4,3,1,4,,93861.62648589832
MACHADINHO,dia,4,3,1,5,,93865.62648589832
MACHADINHO,dia,4,3,2,1,,93871.86893128372
MACHADINHO,dia,4,3,2,2,,93875.86893128372
MACHADINHO,dia,4,3,2,3,,93879.86893128371
MACHADINHO,dia,4,3,2,4,,93883.86893128371
MACHADINHO,dia,4,3,2,5,,93887.86893128371
MACHADINHO,dia,4,3,3,1,,93873.5099313838
MACHADINHO,dia,4,3,3,2,,93877.5099313838
MACHADINHO,dia,4,3,3,3,,93881.5099313838
MACHADINHO,dia,4,3,3,4,,93885.5099313838
MACHADINHO,dia,4,3,3,5,,93889.5099313838
MACHADINHO,dia,4,3,4,1,,93860.80455038736
MACHADINHO,dia,4,3,4,2,,93864.80455038734
MACHADINHO,dia,4,3,4,3,,93868.80455038734
MACHADINHO,dia,4,3,4,4,,93872.80455038734
MACHADINHO,dia,4,3,4,5,,93876.80455038734
MACHADINHO,dia,4,3,5,1,,93835.51175506163
MACHADINHO,dia,4,3,5,2,,93839.51175506163
MACHADINHO,dia,4,3,5,3,,93843.51175506163
MACHADINHO,dia,4,3,5,4,,93847.51175506163
MACHADINHO,dia,4,3,5,5,,93851.51175506161
MACHADINHO,dia,4,4,1,1,,92371.98001064255
MACHADINHO,dia,4,4,1,2,,92375.98001064255
MACHADINHO,dia,4,4,1,3,,92379.98001064254
MACHADINHO,dia,4,4,1,4,,92383.98001064254
MACHADINHO,dia,4,4,1,5,,92387.98001064254
MACHADINHO,dia,4,4,2,1,,92388.55465098606
MACHADINHO,dia,4,4,2,2,,92392.55465098606
MACHADINHO,dia,4,4,2,3,,92396.55465098606
MACHADINHO,dia,4,4,2,4,,92400.55465098606
MACHADINHO,dia,4,4,2,5,,92404.55465098606
MACHADINHO,dia,4,4,3,1,,92389.93637495833
MACHADINHO,dia,4,4,3,2,,92393.93637495833
MACHADINHO,dia,4,4,3,3,,92397.93637495831
MACHADINHO,dia,4,4,3,4,,92401.93637495831
MACHADINHO,dia,4,4,3,5,,92405.93637495831
MACHADINHO,dia,4,4,4,1,,92381.70884343014
MACHADINHO,dia,4,4,4,2,,92385.70884343014
MACHADINHO,dia,4,4,4,3,,92389.70884343014
MACHADINHO,dia,4,4,4,4,,92393.70884343014
MACHADINHO,dia,4,4,4,5,,92397.70884343014
MACHADINHO,dia,4,4,5,1,,92355.93184226353
MACHADINHO,dia,4,4,5,2,,92359.93184226353
MACHADINHO,dia,4,4,5,3,,92363.93184226353
MACHADINHO,dia,4,4,5,4,,92367.93184226353
MACHADINHO,dia,4,4,5,5,,92371.93184226353
MACHADINHO,dia,4,5,1,1,,91719.73806334814
MACHADINHO,dia,4,5,1,2,,91723.73806334814
MACHADINHO,dia,4,5,1,3,,91727.73806334814
MACHADINHO,dia,4,5,1,4,,91731.73806334814
MACHADINHO,dia,4,5,1,5,,91735.73806334814
MACHADINHO,dia,4,5,2,1,,91718.36037798104
MACHADINHO,dia,4,5,2,2,,91722.36037798104
MACHADINHO,dia,4,5,2,3,,91726.36037798104
MACHADINHO,dia,4,5,2,4,,91730.36037798104
MACHADINHO,dia,4,5,2,5,,91734.36037798104
MACHADINHO,dia,4,5,3,1,,91709.36027014046
MACHADINHO,dia,4,5,3,2,,91713.36027014046
MACHADINHO,dia,4,5,3,3,,91717.36027014046
MACHADINHO,dia,4,5,3,4,,91721.36027014046
MACHADINHO,dia,4,5,3,5,,91725.36027014045
MACHADINHO,dia,4,5,4,1,,91704.19717243157
MACHADINHO,dia,4,5,4,2,,91708.19717243155
MACHADINHO,dia,4,5,4,3,,91712.19717243155
MACHADINHO,dia,4,5,4,4,,91716.19717243155
MACHADINHO,dia,4,5,4,5,,91720.19717243155
MACHADINHO,dia,4,5,5,1,,91692.97711965904
MACHADINHO,dia,4,5,5,2,,91696.97711965904
MACHADINHO,dia,4,5,5,3,,91700.97711965904
MACHADINHO,dia,4,5,5,4,,91704.97711965904
MACHADINHO,dia,4,5,5,5,,91708.97711965903
MACHADINHO,sem,1,1,1,0,,12148.260155382455
MACHADINHO,sem,1,1,2,0,,12147.354628880807
MACHADINHO,sem,1,1,3,0,,12142.85936598689
MACHADINHO,sem,1,1,4,0,,12144.370168812951
MACHADINHO,sem,1,1,5,0,,12146.917419217853
MACHADINHO,sem,1,2,1,0,,12146.15044920132
MACHADINHO,sem,1,2,2,0,,12145.556569398284
MACHADINHO,sem,1,2,3,0,,12141.255488870442
MACHADINHO,sem,1,2,4,0,,12142.712497661509
MACHADINHO,sem,1,2,5,0,,12145.188227339579
MACHADINHO,sem,1,3,1,0,,12132.832897289361
MACHADINHO,sem,1,3,2,0,,12132.441993216362
MACHADINHO,sem,1,3,3,0,,12127.579858435762
MACHADINHO,sem,1,3,4,0,,12128.598920585897
MACHADINHO,sem,1,3,5,0,,12130.705876340755
MACHADINHO,sem,1,4,1,0,,12128.42638616616
MACHADINHO,sem,1,4,2,0,,12127.868443164107
MACHADINHO,sem,1,4,3,0,,12122.032087886602
MACHADINHO,sem,1,4,4,0,,12122.549936568865
MACHADINHO,sem,1,4,5,0,,12124.317573220791
MACHADINHO,sem,1,5,1,0,,12129.458342587584
MACHADINHO,sem,1,5,2,0,,12128.683449815306
MACHADINHO,sem,1,5,3,0,,12122.735691898482
MACHADINHO,sem,1,5,4,0,,12123.074402232898
MACHADINHO,sem,1,5,5,0,,12124.72018262774
MACHADINHO,sem,2,1,1,0,,14554.51969758587
MACHADINHO,sem,2,1,2,0,,14556.441241161245
MACHADINHO,sem,2,1,3,0,,14550.212349485082
MACHADINHO,sem,2,1,4,0,,14553.248397058049
MACHADINHO,sem,2,1,5,0,,14554.704050244927
MACHADINHO,sem,2,2,1,0,,14466.97862021256
MACHADINHO,sem,2,2,2,0,,14468.800064909336
MACHADINHO,sem,2,2,3,0,,14458.3327879523
MACHADINHO,sem,2,2,4,0,,14463.255203969888
MACHADINHO,sem,2,2,5,0,,14462.955177853471
MACHADINHO,sem,2,3,1,0,,14366.252262045433
MACHADINHO,sem,2,3,2,0,,14365.679747073067
MACHADINHO,sem,2,3,3,0,,14356.556366601972
MACHADINHO,sem,2,3,4,0,,14360.38209477364
MACHADINHO,sem,2,3,5,0,,14357.91451833158
MACHADINHO,sem,2,4,1,0,,14317.129862968006
MACHADINHO,sem,2,4,2,0,,14318.590003059773
MACHADINHO,sem,2,4,3,0,,14307.238720538642
MACHADINHO,sem,2,4,4,0,,14311.719335182352
MACHADINHO,sem,2,4,5,0,,14309.276857975703
MACHADINHO,sem,2,5,1,0,,14227.466711104962
MACHADINHO,sem,2,5,2,0,,14229.03110210623
MACHADINHO,sem,2,5,3,0,,14218.94408948864
MACHADINHO,sem,2,5,4,0,,14222.368559311375
MACHADINHO,sem,2,5,5,0,,14219.374145053698
MACHADINHO,sem,3,1,1,1,,12153.854794845874
MACHADINHO,sem,3,1,1,2,,12160.595656691075
MACHADINHO,sem,3,1,1,3,,12164.08974676586
MACHADINHO,sem,3,1,1,4,,12167.4546976809
MACHADINHO,sem,3,1,1,5,,12172.223999563324
MACHADINHO,sem,3,1,2,1,,12153.192906696886
MACHADINHO,sem,3,1,2,2,,12159.938684399775
MACHADINHO,sem,3,1,2,3,,12162.243547391736
MACHADINHO,sem,3,1,2,4,,12165.62218863209
MACHADINHO,sem,3,1,2,5,,12170.158629147307
MACHADINHO,sem,3,1,3,1,,12148.449565867093
MACHADINHO,sem,3,1,3,2,,12155.100273583212
MACHADINHO,sem,3,1,3,3,,12157.004029979264
MACHADINHO,sem,3,1,3,4,,12160.404203993652
MACHADINHO,sem,3,1,3,5,,12164.919487765377
MACHADINHO,sem,3,1,4,1,,12149.932117563108
MACHADINHO,sem,3,1,4,2,,12156.577855478195
MACHADINHO,sem,3,1,4,3,,12158.531038490026
MACHADINHO,sem,3,1,4,4,,12161.927007852639
MACHADINHO,sem,3,1,4,5,,12166.434050341233
MACHADINHO,sem,3,1,5,1,,12152.483369068697
MACHADINHO,sem,3,1,5,2,,12159.125471965186
MACHADINHO,sem,3,1,5,3,,12161.084849273517
MACHADINHO,sem,3,1,5,4,,12164.479685302833
MACHADINHO,sem,3,1,5,5,,12168.993830551004
MACHADINHO,sem,3,2,1,1,,12154.7373330766
MACHADINHO,sem,3,2,1,2,,12162.133582638056
MACHADINHO,sem,3,2,1,3,,12165.134511309923
MACHADINHO,sem,3,2,1,4,,12168.69164664704
MACHADINHO,sem,3,2,1,5,,12173.665142614358
MACHADINHO,sem,3,2,2,1,,12154.450263210441
MACHADINHO,sem,3,2,2,2,,12161.991710226032
MACHADINHO,sem,3,2,2,3,,12163.86828317626
MACHADINHO,sem,3,2,2,4,,12167.440456410093
MACHADINHO,sem,3,2,2,5,,12172.161198411817
MACHADINHO,sem,3,2,3,1,,12149.921188793656
MACHADINHO,sem,3,2,3,2,,12157.389020955732
MACHADINHO,sem,3,2,3,3,,12159.035388013564
MACHADINHO,sem,3,2,3,4,,12162.625361426117
MACHADINHO,sem,3,2,3,5,,12167.320365476171
MACHADINHO,sem,3,2,4,1,,12151.35705854546
MACHADINHO,sem,3,2,4,2,,12158.790193370955
MACHADINHO,sem,3,2,4,3,,12160.49172917808
MACHADINHO,sem,3,2,4,4,,12164.072407890311
MACHADINHO,sem,3,2,4,5,,12168.777630946226
MACHADINHO,sem,3,2,5,1,,12153.862768471012
MACHADINHO,sem,3,2,5,2,,12161.363852380913
MACHADINHO,sem,3,2,5,3,,12162.974274120734
MACHADINHO,sem,3,2,5,4,,12166.561424250163
MACHADINHO,sem,3,2,5,5,,12171.250154457373
MACHADINHO,sem,3,3,1,1,,12139.481961171525
MACHADINHO,sem,3,3,1,2,,12146.865067489674
MACHADINHO,sem,3,3,1,3,,12147.227297072233
MACHADINHO,sem,3,3,1,4,,12150.625592328714
MACHADINHO,sem,3,3,1,5,,12155.475140877654
MACHADINHO,sem,3,3,2,1,,12139.372918466463
MACHADINHO,sem,3,3,2,2,,12146.813174003371
MACHADINHO,sem,3,3,2,3,,12146.008594913008
MACHADINHO,sem,3,3,2,4,,12149.418828636972
MACHADINHO,sem,3,3,2,5,,12153.951759260146
MACHADINHO,sem,3,3,3,1,,12134.285835883753
MACHADINHO,sem,3,3,3,2,,12141.50688984865
MACHADINHO,sem,3,3,3,3,,12140.21011602109
MACHADINHO,sem,3,3,3,4,,12143.649564570029
MACHADINHO,sem,3,3,3,5,,12148.130222738722
MACHADINHO,sem,3,3,4,1,,12135.296713737784
MACHADINHO,sem,3,3,4,2,,12142.520265463398
MACHADINHO,sem,3,3,4,3,,12141.243951172019
MACHADINHO,sem,3,3,4,4,,12144.672229906617
MACHADINHO,sem,3,3,4,5,,12149.169272144343
MACHADINHO,sem,3,3,5,1,,12137.378475266742
MACHADINHO,sem,3,3,5,2,,12144.597709372247
MACHADINHO,sem,3,3,5,3,,12143.19926356804
MACHADINHO,sem,3,3,5,4,,12146.635655871823
MACHADINHO,sem,3,3,5,5,,12151.1091492731
MACHADINHO,sem,3,4,1,1,,12134.55363855219
MACHADINHO,sem,3,4,1,2,,12142.424533559368
MACHADINHO,sem,3,4,1,3,,12143.2509422253
MACHADINHO,sem,3,4,1,4,,12146.651123906891
MACHADINHO,sem,3,4,1,5,,12151.507216189382
MACHADINHO,sem,3,4,2,1,,12134.27319598626
MACHADINHO,sem,3,4,2,2,,12142.109347407972
MACHADINHO,sem,3,4,2,3,,12141.65556190354
MACHADINHO,sem,3,4,2,4,,12145.065282142557
MACHADINHO,sem,3,4,2,5,,12149.529973908013
MACHADINHO,sem,3,4,3,1,,12128.264153246302
MACHADINHO,sem,3,4,3,2,,12135.695136184202
MACHADINHO,sem,3,4,3,3,,12134.507540383236
MACHADINHO,sem,3,4,3,4,,12137.959011737885
MACHADINHO,sem,3,4,3,5,,12142.345611569728
MACHADINHO,sem,3,4,4,1,,12128.808579797791
MACHADINHO,sem,3,4,4,2,,12136.30106171753
MACHADINHO,sem,3,4,4,3,,12135.106765973984
MACHADINHO,sem,3,4,4,4,,12138.544968248108
MACHADINHO,sem,3,4,4,5,,12142.94872758197
MACHADINHO,sem,3,4,5,1,,12130.519354236281
MACHADINHO,sem,3,4,5,2,,12137.942796494634
MACHADINHO,sem,3,4,5,3,,12136.616121677247
MACHADINHO,sem,3,4,5,4,,12140.067163961021
MACHADINHO,sem,3,4,5,5,,12144.439790585568
MACHADINHO,sem,3,5,1,1,,12135.900604311375
MACHADINHO,sem,3,5,1,2,,12143.460335188154
MACHADINHO,sem,3,5,1,3,,12144.858688815095
MACHADINHO,sem,3,5,1,4,,12148.296231744001
MACHADINHO,sem,3,5,1,5,,12153.283286754442
MACHADINHO,sem,3,5,2,1,,12135.338275459399
MACHADINHO,sem,3,5,2,2,,12142.753840240717
MACHADINHO,sem,3,5,2,3,,12142.865709652957
MACHADINHO,sem,3,5,2,4,,12146.314567519054
MACHADINHO,sem,3,5,2,5,,12150.907016633539
MACHADINHO,sem,3,5,3,1,,12129.373555862116
MACHADINHO,sem,3,5,3,2,,12136.204559387823
MACHADINHO,sem,3,5,3,3,,12135.647943857768
MACHADINHO,sem,3,5,3,4,,12139.162454510166
MACHADINHO,sem,3,5,3,5,,12143.722866074808
MACHADINHO,sem,3,5,4,1,,12129.78861278388
MACHADINHO,sem,3,5,4,2,,12136.689091227752
MACHADINHO,sem,3,5,4,3,,12136.10618030131
MACHADINHO,sem,3,5,4,4,,12139.614763627822
MACHADINHO,sem,3,5,4,5,,12144.197205150964
MACHADINHO,sem,3,5,5,1,,12131.389326976825
MACHADINHO,sem,3,5,5,2,,12138.15290774133
MACHADINHO,sem,3,5,5,3,,12137.492427689605
MACHADINHO,sem,3,5,5,4,,12141.016045513668
MACHADINHO,sem,3,5,5,5,,12145.576858125454
MACHADINHO,sem,4,1,1,1,,14559.519296730698
MACHADINHO,sem,4,1,1,2,,14563.519296730698
MACHADINHO,sem,4,1,1,3,,14567.519296730698
MACHADINHO,sem,4,1,1,4,,14571.519296730698
MACHADINHO,sem,4,1,1,5,,14575.519296730698
MACHADINHO,sem,4,1,2,1,,14561.440840306072
MACHADINHO,sem,4,1,2,2,,14565.440840306072
MACHADINHO,sem,4,1,2,3,,14569.440840306072
MACHADINHO,sem,4,1,2,4,,14573.440840306072
MACHADINHO,sem,4,1,2,5,,14577.440840306072
MACHADINHO,sem,4,1,3,1,,14555.211948629909
MACHADINHO,sem,4,1,3,2,,14559.21194862991
MACHADINHO,sem,4,1,3,3,,14563.211948629909
MACHADINHO,sem,4,1,3,4,,14567.211948629909
MACHADINHO,sem,4,1,3,5,,14571.211948629909
MACHADINHO,sem,4,1,4,1,,14558.247996202877
MACHADINHO,sem,4,1,4,2,,14562.247996202877
MACHADINHO,sem,4,1,4,3,,14566.247996202876
MACHADINHO,sem,4,1,4,4,,14570.247996202876
MACHADINHO,sem,4,1,4,5,,14574.247996202877
MACHADINHO,sem,4,1,5,1,,14559.703649389756
MACHADINHO,sem,4,1,5,2,,14563.703649389756
MACHADINHO,sem,4,1,5,3,,14567.703649389754
MACHADINHO,sem,4,1,5,4,,14571.703649389756
MACHADINHO,sem,4,1,5,5,,14575.703649389754
MACHADINHO,sem,4,2,1,1,,14470.977015934253
MACHADINHO,sem,4,2,1,2,,14474.977015934253
MACHADINHO,sem,4,2,1,3,,14478.977015934253
MACHADINHO,sem,4,2,1,4,,14482.977015934253
MACHADINHO,sem,4,2,1,5,,14486.977015934253
MACHADINHO,sem,4,2,2,1,,14472.79846063103
MACHADINHO,sem,4,2,2,2,,14476.79846063103
MACHADINHO,sem,4,2,2,3,,14480.79846063103
MACHADINHO,sem,4,2,2,4,,14484.79846063103
MACHADINHO,sem,4,2,2,5,,14488.79846063103
MACHADINHO,sem,4,2,3,1,,14462.331183673996
MACHADINHO,sem,4,2,3,2,,14466.331183673996
MACHADINHO,sem,4,2,3,3,,14470.331183673996
MACHADINHO,sem,4,2,3,4,,14474.331183673996
MACHADINHO,sem,4,2,3,5,,14478.331183673996
MACHADINHO,sem,4,2,4,1,,14467.253599691585
MACHADINHO,sem,4,2,4,2,,14471.253599691585
MACHADINHO,sem,4,2,4,3,,14475.253599691585
MACHADINHO,sem,4,2,4,4,,14479.253599691585
MACHADINHO,sem,4,2,4,5,,14483.253599691585
MACHADINHO,sem,4,2,5,1,,14466.953573575167
MACHADINHO,sem,4,2,5,2,,14470.953573575167
MACHADINHO,sem,4,2,5,3,,14474.953573575167
MACHADINHO,sem,4,2,5,4,,14478.953573575167
MACHADINHO,sem,4,2,5,5,,14482.953573575167
MACHADINHO,sem,4,3,1,1,,14369.248650487289
MACHADINHO,sem,4,3,1,2,,14373.248650487289
MACHADINHO,sem,4,3,1,3,,14377.248650487285
MACHADINHO,sem,4,3,1,4,,14381.248650487289
MACHADINHO,sem,4,3,1,5,,14385.248650487285
MACHADINHO,sem,4,3,2,1,,14368.676135514921
MACHADINHO,sem,4,3,2,2,,14372.676135514921
MACHADINHO,sem,4,3,2,3,,14376.676135514921
MACHADINHO,sem,4,3,2,4,,14380.676135514921
MACHADINHO,sem,4,3,2,5,,14384.676135514921
MACHADINHO,sem,4,3,3,1,,14359.552755043826
MACHADINHO,sem,4,3,3,2,,14363.552755043826
MACHADINHO,sem,4,3,3,3,,14367.552755043826
MACHADINHO,sem,4,3,3,4,,14371.552755043826
MACHADINHO,sem,4,3,3,5,,14375.552755043826
MACHADINHO,sem,4,3,4,1,,14363.378483215494
MACHADINHO,sem,4,3,4,2,,14367.378483215494
MACHADINHO,sem,4,3,4,3,,14371.378483215494
MACHADINHO,sem,4,3,4,4,,14375.378483215494
MACHADINHO,sem,4,3,4,5,,14379.378483215494
MACHADINHO,sem,4,3,5,1,,14360.910906773433
MACHADINHO,sem,4,3,5,2,,14364.910906773433
MACHADINHO,sem,4,3,5,3,,14368.910906773433
MACHADINHO,sem,4,3,5,4,,14372.910906773433
MACHADINHO,sem,4,3,5,5,,14376.910906773433
MACHADINHO,sem,4,4,1,1,,14319.123438981456
MACHADINHO,sem,4,4,1,2,,14323.123438981456
MACHADINHO,sem,4,4,1,3,,14327.123438981453
MACHADINHO,sem,4,4,1,4,,14331.123438981453
MACHADINHO,sem,4,4,1,5,,14335.123438981453
MACHADINHO,sem,4,4,2,1,,14320.583579073222
MACHADINHO,sem,4,4,2,2,,14324.583579073222
MACHADINHO,sem,4,4,2,3,,14328.583579073222
MACHADINHO,sem,4,4,2,4,,14332.583579073222
MACHADINHO,sem,4,4,2,5,,14336.583579073222
MACHADINHO,sem,4,4,3,1,,14309.232296552093
MACHADINHO,sem,4,4,3,2,,14313.232296552093
MACHADINHO,sem,4,4,3,3,,14317.232296552093
MACHADINHO,sem,4,4,3,4,,14321.232296552093
MACHADINHO,sem,4,4,3,5,,14325.232296552093
MACHADINHO,sem,4,4,4,1,,14313.712911195802
MACHADINHO,sem,4,4,4,2,,14317.7129111958
MACHADINHO,sem,4,4,4,3,,14321.7129111958
MACHADINHO,sem,4,4,4,4,,14325.7129111958
MACHADINHO,sem,4,4,4,5,,14329.7129111958
MACHADINHO,sem,4,4,5,1,,14311.270433989153
MACHADINHO,sem,4,4,5,2,,14315.270433989153
MACHADINHO,sem,4,4,5,3,,14319.270433989153
MACHADINHO,sem,4,4,5,4,,14323.270433989153
MACHADINHO,sem,4,4,5,5,,14327.270433989153
MACHADINHO,sem,4,5,1,1,,14228.456668246472
MACHADINHO,sem,4,5,1,2,,14232.456668246472
MACHADINHO,sem,4,5,1,3,,14236.456668246472
MACHADINHO,sem,4,5,1,4,,14240.456668246472
MACHADINHO,sem,4,5,1,5,,14244.456668246472
MACHADINHO,sem,4,5,2,1,,14230.021059247742
MACHADINHO,sem,4,5,2,2,,14234.021059247742
MACHADINHO,sem,4,5,2,3,,14238.02105924774
MACHADINHO,sem,4,5,2,4,,14242.02105924774
MACHADINHO,sem,4,5,2,5,,14246.021059247742
MACHADINHO,sem,4,5,3,1,,14219.934046630147
MACHADINHO,sem,4,5,3,2,,14223.934046630147
MACHADINHO,sem,4,5,3,3,,14227.934046630147
MACHADINHO,sem,4,5,3,4,,14231.934046630147
MACHADINHO,sem,4,5,3,5,,14235.934046630147
MACHADINHO,sem,4,5,4,1,,14223.358516452887
MACHADINHO,sem,4,5,4,2,,14227.358516452887
MACHADINHO,sem,4,5,4,3,,14231.358516452883
MACHADINHO,sem,4,5,4,4,,14235.358516452883
MACHADINHO,sem,4,5,4,5,,14239.358516452883
MACHADINHO,sem,4,5,5,1,,14220.364102195206
MACHADINHO,sem,4,5,5,2,,14224.364102195206
MACHADINHO,sem,4,5,5,3,,14228.364102195206
MACHADINHO,sem,4,5,5,4,,14232.364102195206
MACHADINHO,sem,4,5,5,5,,14236.364102195206
MACHADINHO,mes,1,1,1,0,,2617.4834575789846
MACHADINHO,mes,1,1,2,0,,2614.7700513214163
MACHADINHO,mes,1,1,3,0,,2605.9749378930032
MACHADINHO,mes,1,1,4,0,,2606.474344565394
MACHADINHO,mes,1,1,5,0,,2607.6193149991973
MACHADINHO,mes,1,2,1,0,,2617.9556870882884
MACHADINHO,mes,1,2,2,0,,2614.6298520978257
MACHADINHO,mes,1,2,3,0,,2606.082222356007
MACHADINHO,mes,1,2,4,0,,2606.373055102838
MACHADINHO,mes,1,2,5,0,,2607.635762609032
MACHADINHO,mes,1,3,1,0,,2619.6123336217106
MACHADINHO,mes,1,3,2,0,,2616.3318124536536
MACHADINHO,mes,1,3,3,0,,2607.757657667696
MACHADINHO,mes,1,3,4,0,,2607.9426914907967
MACHADINHO,mes,1,3,5,0,,2609.1630835391334
MACHADINHO,mes,1,4,1,0,,2620.924960706974
MACHADINHO,mes,1,4,2,0,,2617.925643398334
MACHADINHO,mes,1,4,3,0,,2609.6257660092338
MACHADINHO,mes,1,4,4,0,,2609.7938693299457
MACHADINHO,mes,1,4,5,0,,2610.9081934190326
MACHADINHO,mes,1,5,1,0,,2620.4851232728593
MACHADINHO,mes,1,5,2,0,,2618.6213579159453
MACHADINHO,mes,1,5,3,0,,2608.80475869889
MACHADINHO,mes,1,5,4,0,,2608.8783075832184
MACHADINHO,mes,1,5,5,0,,2610.4774885829033
MACHADINHO,mes,2,1,1,0,,3157.219806995092
MACHADINHO,mes,2,1,2,0,,3153.7351527899336
MACHADINHO,mes,2,1,3,0,,3139.577594840787
MACHADINHO,mes,2,1,4,0,,3140.932611994962
MACHADINHO,mes,2,1,5,0,,3140.7039664829836
MACHADINHO,mes,2,2,1,0,,3137.4780187434185
MACHADINHO,mes,2,2,2,0,,3137.661464040588
MACHADINHO,mes,2,2,3,0,,3127.892828890965
MACHADINHO,mes,2,2,4,0,,3129.3963379387947
MACHADINHO,mes,2,2,5,0,,3129.0929042699213
MACHADINHO,mes,2,3,1,0,,3119.9269528001564
MACHADINHO,mes,2,3,2,0,,3122.204035629027
MACHADINHO,mes,2,3,3,0,,3108.095166406384
MACHADINHO,mes,2,3,4,0,,3110.159965584331
MACHADINHO,mes,2,3,5,0,,3109.6921587495785
MACHADINHO,mes,2,4,1,0,,3107.6776599280192
MACHADINHO,mes,2,4,2,0,,3109.087515883608
MACHADINHO,mes,2,4,3,0,,3099.4075900541466
MACHADINHO,mes,2,4,4,0,,3100.1458593998877
MACHADINHO,mes,2,4,5,0,,3099.5050343897165
MACHADINHO,mes,2,5,1,0,,3095.2553348712204
MACHADINHO,mes,2,5,2,0,,3102.0705583091158
MACHADINHO,mes,2,5,3,0,,3089.9263214503403
MACHADINHO,mes,2,5,4,0,,3088.4848806956657
MACHADINHO,mes,2,5,5,0,,3089.265989378974
MACHADINHO,mes,3,1,1,1,,2621.343655235074
MACHADINHO,mes,3,1,1,2,,2619.739561849399
MACHADINHO,mes,3,1,1,3,,2614.0227458226877
MACHADINHO,mes,3,1,1,4,,2617.2123627563838
MACHADINHO,mes,3,1,1,5,,2620.69560125564
MACHADINHO,mes,3,1,2,1,,2618.6849281152677
MACHADINHO,mes,3,1,2,2,,2615.9522621045226
MACHADINHO,mes,3,1,2,3,,2607.813402143682
MACHADINHO,mes,3,1,2,4,,2611.1323886751675
MACHADINHO,mes,3,1,2,5,,2615.032993899599
MACHADINHO,mes,3,1,3,1,,2610.089167549783
MACHADINHO,mes,3,1,3,2,,2605.5671422271917
MACHADINHO,mes,3,1,3,3,,2595.7901571291295
MACHADINHO,mes,3,1,3,4,,2598.705062754462
MACHADINHO,mes,3,1,3,5,,2602.4819247613386
MACHADINHO,mes,3,1,4,1,,2610.7301565331964
MACHADINHO,mes,3,1,4,2,,2606.082211740639
MACHADINHO,mes,3,1,4,3,,2596.2932896947245
MACHADINHO,mes,3,1,4,4,,2599.1406206116285
MACHADINHO,mes,3,1,4,5,,2602.898524636169
MACHADINHO,mes,3,1,5,1,,2611.825041467188
MACHADINHO,mes,3,1,5,2,,2606.765119041745
MACHADINHO,mes,3,1,5,3,,2596.6085094446985
MACHADINHO,mes,3,1,5,4,,2599.394976916393
MACHADINHO,mes,3,1,5,5,,2603.154158379084
MACHADINHO,mes,3,2,1,1,,2622.077858984551
MACHADINHO,mes,3,2,1,2,,2620.5362671736048
MACHADINHO,mes,3,2,1,3,,2615.0129745880004
MACHADINHO,mes,3,2,1,4,,2618.348659062968
MACHADINHO,mes,3,2,1,5,,2621.8122220124765
MACHADINHO,mes,3,2,2,1,,2618.760623103328
MACHADINHO,mes,3,2,2,2,,2615.608513689433
MACHADINHO,mes,3,2,2,3,,2608.135020218117
MACHADINHO,mes,3,2,2,4,,2611.324508198359
MACHADINHO,mes,3,2,2,5,,2615.1438201726305
MACHADINHO,mes,3,2,3,1,,2610.6491545989898
MACHADINHO,mes,3,2,3,2,,2605.4659910926816
MACHADINHO,mes,3,2,3,3,,2596.3800233201414
MACHADINHO,mes,3,2,3,4,,2599.0006368968143
MACHADINHO,mes,3,2,3,5,,2602.691343672408
MACHADINHO,mes,3,2,4,1,,2611.051075751464
MACHADINHO,mes,3,2,4,2,,2605.723580800047
MACHADINHO,mes,3,2,4,3,,2596.503171499962
MACHADINHO,mes,3,2,4,4,,2599.06477427999
MACHADINHO,mes,3,2,4,5,,2602.742890454245
MACHADINHO,mes,3,2,5,1,,2612.2402427007064
MACHADINHO,mes,3,2,5,2,,2606.628212369261
MACHADINHO,mes,3,2,5,3,,2597.042527756214
MACHADINHO,mes,3,2,5,4,,2599.6180654500336
MACHADINHO,mes,3,2,5,5,,2603.311395758752
MACHADINHO,mes,3,3,1,1,,2623.6724778677562
MACHADINHO,mes,3,3,1,2,,2621.661619075684
MACHADINHO,mes,3,3,1,3,,2616.147899194164
MACHADINHO,mes,3,3,1,4,,2619.653884729456
MACHADINHO,mes,3,3,1,5,,2623.119479728726
MACHADINHO,mes,3,3,2,1,,2620.5360075104154
MACHADINHO,mes,3,3,2,2,,2616.862816363078
MACHADINHO,mes,3,3,2,3,,2609.3606070908154
MACHADINHO,mes,3,3,2,4,,2612.8243881113435
MACHADINHO,mes,3,3,2,5,,2616.655094827993
MACHADINHO,mes,3,3,3,1,,2612.2282872669452
MACHADINHO,mes,3,3,3,2,,2606.8257796279786
MACHADINHO,mes,3,3,3,3,,2598.0263085508313
MACHADINHO,mes,3,3,3,4,,2600.699498047923
MACHADINHO,mes,3,3,3,5,,2604.4034987449563
MACHADINHO,mes,3,3,4,1,,2612.4970322063205
MACHADINHO,mes,3,3,4,2,,2606.965289628187
MACHADINHO,mes,3,3,4,3,,2598.0004141229265
MACHADINHO,mes,3,3,4,4,,2600.565476202657
MACHADINHO,mes,3,3,4,5,,2604.2626490687035
MACHADINHO,mes,3,3,5,1,,2613.6404222187616
MACHADINHO,mes,3,3,5,2,,2607.789170725393
MACHADINHO,mes,3,3,5,3,,2598.5143832516433
MACHADINHO,mes,3,3,5,4,,2601.0962006622285
MACHADINHO,mes,3,3,5,5,,2604.7974619552156
MACHADINHO,mes,3,4,1,1,,2625.09322771997
MACHADINHO,mes,3,4,1,2,,2623.4387883659683
MACHADINHO,mes,3,4,1,3,,2617.5516990456485
MACHADINHO,mes,3,4,1,4,,2621.1999659712587
MACHADINHO,mes,3,4,1,5,,2624.7933709581525
MACHADINHO,mes,3,4,2,1,,2622.2332364782187
MACHADINHO,mes,3,4,2,2,,2619.1934477912714
MACHADINHO,mes,3,4,2,3,,2611.4457980076804
MACHADINHO,mes,3,4,2,4,,2615.044346842024
MACHADINHO,mes,3,4,2,5,,2618.9718868145296
MACHADINHO,mes,3,4,3,1,,2614.1326830550242
MACHADINHO,mes,3,4,3,2,,2608.9675607100976
MACHADINHO,mes,3,4,3,3,,2600.007643516207
MACHADINHO,mes,3,4,3,4,,2602.741261775259
MACHADINHO,mes,3,4,3,5,,2606.4619449279803
MACHADINHO,mes,3,4,4,1,,2614.459497017133
MACHADINHO,mes,3,4,4,2,,2609.1973657348904
MACHADINHO,mes,3,4,4,3,,2599.999342445346
MACHADINHO,mes,3,4,4,4,,2602.657753110089
MACHADINHO,mes,3,4,4,5,,2606.393546962565
MACHADINHO,mes,3,4,5,1,,2615.521811599874
MACHADINHO,mes,3,4,5,2,,2610.0343312838463
MACHADINHO,mes,3,4,5,3,,2600.4355779557864
MACHADINHO,mes,3,4,5,4,,2603.1249610703358
MACHADINHO,mes,3,4,5,5,,2606.8783621440957
MACHADINHO,mes,3,5,1,1,,2623.3854559377423
MACHADINHO,mes,3,5,1,2,,2620.376629168241
MACHADINHO,mes,3,5,1,3,,2615.585350209749
MACHADINHO,mes,3,5,1,4,,2619.9046070650606
MACHADINHO,mes,3,5,1,5,,2623.343792881747
MACHADINHO,mes,3,5,2,1,,2622.284799786635
MACHADINHO,mes,3,5,2,2,,2618.133166752952
MACHADINHO,mes,3,5,2,3,,2611.5351337322186
MACHADINHO,mes,3,5,2,4,,2615.6330170117403
MACHADINHO,mes,3,5,2,5,,2619.4749243181864
MACHADINHO,mes,3,5,3,1,,2612.3636605955708
MACHADINHO,mes,3,5,3,2,,2605.905602727674
MACHADINHO,mes,3,5,3,3,,2597.7151492664116
MACHADINHO,mes,3,5,3,4,,2601.3266474503785
MACHADINHO,mes,3,5,3,5,,2604.904678124601
MACHADINHO,mes,3,5,4,1,,2612.3483202860925
MACHADINHO,mes,3,5,4,2,,2605.389788611406
MACHADINHO,mes,3,5,4,3,,2597.114079309555
MACHADINHO,mes,3,5,4,4,,2600.709188480774
MACHADINHO,mes,3,5,4,5,,2604.290396010984
MACHADINHO,mes,3,5,5,1,,2613.9932410345054
MACHADINHO,mes,3,5,5,2,,2606.848461843177
MACHADINHO,mes,3,5,5,3,,2598.2019309495595
MACHADINHO,mes,3,5,5,4,,2601.774228483057
MACHADINHO,mes,3,5,5,5,,2605.3807776248655
MACHADINHO,mes,4,1,1,1,,3162.2180668547103
MACHADINHO,mes,4,1,1,2,,3166.21806685471
MACHADINHO,mes,4,1,1,3,,3170.21806685471
MACHADINHO,mes,4,1,1,4,,3174.21806685471
MACHADINHO,mes,4,1,1,5,,3178.21806685471
MACHADINHO,mes,4,1,2,1,,3158.733412649552
MACHADINHO,mes,4,1,2,2,,3162.7334126495516
MACHADINHO,mes,4,1,2,3,,3166.7334126495516
MACHADINHO,mes,4,1,2,4,,3170.7334126495516
MACHADINHO,mes,4,1,2,5,,3174.7334126495516
MACHADINHO,mes,4,1,3,1,,3144.575854700405
MACHADINHO,mes,4,1,3,2,,3148.575854700405
MACHADINHO,mes,4,1,3,3,,3152.5758547004048
MACHADINHO,mes,4,1,3,4,,3156.5758547004048
MACHADINHO,mes,4,1,3,5,,3160.5758547004048
MACHADINHO,mes,4,1,4,1,,3145.9308718545803
MACHADINHO,mes,4,1,4,2,,3149.9308718545803
MACHADINHO,mes,4,1,4,3,,3153.9308718545803
MACHADINHO,mes,4,1,4,4,,3157.93087185458
MACHADINHO,mes,4,1,4,5,,3161.93087185458
MACHADINHO,mes,4,1,5,1,,3145.702226342602
MACHADINHO,mes,4,1,5,2,,3149.7022263426015
MACHADINHO,mes,4,1,5,3,,3153.7022263426015
MACHADINHO,mes,4,1,5,4,,3157.7022263426015
MACHADINHO,mes,4,1,5,5,,3161.7022263426015
MACHADINHO,mes,4,2,1,1,,3141.471041980384
MACHADINHO,mes,4,2,1,2,,3145.471041980384
MACHADINHO,mes,4,2,1,3,,3149.4710419803832
MACHADINHO,mes,4,2,1,4,,3153.4710419803832
MACHADINHO,mes,4,2,1,5,,3157.4710419803832
MACHADINHO,mes,4,2,2,1,,3141.654487277553
MACHADINHO,mes,4,2,2,2,,3145.654487277553
MACHADINHO,mes,4,2,2,3,,3149.654487277553
MACHADINHO,mes,4,2,2,4,,3153.654487277553
MACHADINHO,mes,4,2,2,5,,3157.654487277553
MACHADINHO,mes,4,2,3,1,,3131.8858521279303
MACHADINHO,mes,4,2,3,2,,3135.88585212793
MACHADINHO,mes,4,2,3,3,,3139.88585212793
MACHADINHO,mes,4,2,3,4,,3143.88585212793
MACHADINHO,mes,4,2,3,5,,3147.88585212793
MACHADINHO,mes,4,2,4,1,,3133.3893611757594
MACHADINHO,mes,4,2,4,2,,3137.3893611757594
MACHADINHO,mes,4,2,4,3,,3141.3893611757594
MACHADINHO,mes,4,2,4,4,,3145.3893611757594
MACHADINHO,mes,4,2,4,5,,3149.3893611757594
MACHADINHO,mes,4,2,5,1,,3133.0859275068865
MACHADINHO,mes,4,2,5,2,,3137.0859275068865
MACHADINHO,mes,4,2,5,3,,3141.0859275068865
MACHADINHO,mes,4,2,5,4,,3145.085927506886
MACHADINHO,mes,4,2,5,5,,3149.085927506886
MACHADINHO,mes,4,3,1,1,,3122.9112184383753
MACHADINHO,mes,4,3,1,2,,3126.9112184383753
MACHADINHO,mes,4,3,1,3,,3130.9112184383753
MACHADINHO,mes,4,3,1,4,,3134.911218438375
MACHADINHO,mes,4,3,1,5,,3138.911218438375
MACHADINHO,mes,4,3,2,1,,3125.188301267246
MACHADINHO,mes,4,3,2,2,,3129.1883012672456
MACHADINHO,mes,4,3,2,3,,3133.1883012672456
MACHADINHO,mes,4,3,2,4,,3137.1883012672456
MACHADINHO,mes,4,3,2,5,,3141.1883012672456
MACHADINHO,mes,4,3,3,1,,3111.079432044603
MACHADINHO,mes,4,3,3,2,,3115.079432044603
MACHADINHO,mes,4,3,3,3,,3119.079432044603
MACHADINHO,mes,4,3,3,4,,3123.079432044603
MACHADINHO,mes,4,3,3,5,,3127.079432044603
MACHADINHO,mes,4,3,4,1,,3113.1442312225504
MACHADINHO,mes,4,3,4,2,,3117.1442312225504
MACHADINHO,mes,4,3,4,3,,3121.14423122255
MACHADINHO,mes,4,3,4,4,,3125.14423122255
MACHADINHO,mes,4,3,4,5,,3129.14423122255
MACHADINHO,mes,4,3,5,1,,3112.676424387798
MACHADINHO,mes,4,3,5,2,,3116.6764243877974
MACHADINHO,mes,4,3,5,3,,3120.6764243877974
MACHADINHO,mes,4,3,5,4,,3124.6764243877974
MACHADINHO,mes,4,3,5,5,,3128.6764243877974
MACHADINHO,mes,4,4,1,1,,3109.649622239294
MACHADINHO,mes,4,4,1,2,,3113.6496222392934
MACHADINHO,mes,4,4,1,3,,3117.6496222392934
MACHADINHO,mes,4,4,1,4,,3121.6496222392934
MACHADINHO,mes,4,4,1,5,,3125.6496222392934
MACHADINHO,mes,4,4,2,1,,3111.059478194883
MACHADINHO,mes,4,4,2,2,,3115.059478194883
MACHADINHO,mes,4,4,2,3,,3119.059478194883
MACHADINHO,mes,4,4,2,4,,3123.059478194882
MACHADINHO,mes,4,4,2,5,,3127.059478194882
MACHADINHO,mes,4,4,3,1,,3101.3795523654217
MACHADINHO,mes,4,4,3,2,,3105.379552365421
MACHADINHO,mes,4,4,3,3,,3109.379552365421
MACHADINHO,mes,4,4,3,4,,3113.379552365421
MACHADINHO,mes,4,4,3,5,,3117.379552365421
MACHADINHO,mes,4,4,4,1,,3102.117821711163
MACHADINHO,mes,4,4,4,2,,3106.1178217111624
MACHADINHO,mes,4,4,4,3,,3110.1178217111624
MACHADINHO,mes,4,4,4,4,,3114.1178217111624
MACHADINHO,mes,4,4,4,5,,3118.1178217111624
MACHADINHO,mes,4,4,5,1,,3101.476996700991
MACHADINHO,mes,4,4,5,2,,3105.476996700991
MACHADINHO,mes,4,4,5,3,,3109.476996700991
MACHADINHO,mes,4,4,5,4,,3113.4769967009906
MACHADINHO,mes,4,4,5,5,,3117.4769967009906
MACHADINHO,mes,4,5,1,1,,3096.211423113321
MACHADINHO,mes,4,5,1,2,,3100.21142311332
MACHADINHO,mes,4,5,1,3,,3104.21142311332
MACHADINHO,mes,4,5,1,4,,3108.21142311332
MACHADINHO,mes,4,5,1,5,,3112.21142311332
MACHADINHO,mes,4,5,2,1,,3103.0266465512154
MACHADINHO,mes,4,5,2,2,,3107.0266465512154
MACHADINHO,mes,4,5,2,3,,3111.0266465512154
MACHADINHO,mes,4,5,2,4,,3115.0266465512154
MACHADINHO,mes,4,5,2,5,,3119.0266465512154
MACHADINHO,mes,4,5,3,1,,3090.88240969244
MACHADINHO,mes,4,5,3,2,,3094.88240969244
MACHADINHO,mes,4,5,3,3,,3098.88240969244
MACHADINHO,mes,4,5,3,4,,3102.88240969244
MACHADINHO,mes,4,5,3,5,,3106.88240969244
MACHADINHO,mes,4,5,4,1,,3089.4409689377653
MACHADINHO,mes,4,5,4,2,,3093.4409689377653
MACHADINHO,mes,4,5,4,3,,3097.4409689377653
MACHADINHO,mes,4,5,4,4,,3101.4409689377653
MACHADINHO,mes,4,5,4,5,,3105.4409689377653
MACHADINHO,mes,4,5,5,1,,3090.2220776210743
MACHADINHO,mes,4,5,5,2,,3094.222077621074
MACHADINHO,mes,4,5,5,3,,3098.222077621074
MACHADINHO,mes,4,5,5,4,,3102.222077621074
MACHADINHO,mes,4,5,5,5,,3106.222077621074
I. SOLTEIRA,dia,1,1,1,0,,68819.54738089345
I. SOLTEIRA,dia,1,1,2,0,,68805.84388643439
I. SOLTEIRA,dia,1,1,3,0,,68805.7771187801
I. SOLTEIRA,dia,1,1,4,0,,68807.00538032346
I. SOLTEIRA,dia,1,1,5,0,,68803.60248802093
I. SOLTEIRA,dia,1,2,1,0,,65487.69669739929
I. SOLTEIRA,dia,1,2,2,0,,65484.25770934531
I. SOLTEIRA,dia,1,2,3,0,,65486.90089031288
I. SOLTEIRA,dia,1,2,4,0,,65490.07750146272
I. SOLTEIRA,dia,1,2,5,0,,65491.88306416084
I. SOLTEIRA,dia,1,3,1,0,,65249.817445542656
I. SOLTEIRA,dia,1,3,2,0,,65246.78289679445
I. SOLTEIRA,dia,1,3,3,0,,65249.67799730115
I. SOLTEIRA,dia,1,3,4,0,,65253.055391829024
I. SOLTEIRA,dia,1,3,5,0,,65255.436749393804
I. SOLTEIRA,dia,1,4,1,0,,65215.96407924525
I. SOLTEIRA,dia,1,4,2,0,,65213.027268054386
I. SOLTEIRA,dia,1,4,3,0,,65216.00164192666
I. SOLTEIRA,dia,1,4,4,0,,65219.42431619174
I. SOLTEIRA,dia,1,4,5,0,,65222.028055974486
I. SOLTEIRA,dia,1,5,1,0,,65163.27186152726
I. SOLTEIRA,dia,1,5,2,0,,65160.26085697282
I. SOLTEIRA,dia,1,5,3,0,,65163.135229963234
I. SOLTEIRA,dia,1,5,4,0,,65166.4813327777
I. SOLTEIRA,dia,1,5,5,0,,65168.83759423642
I. SOLTEIRA,dia,2,1,1,0,,85513.69501533361
I. SOLTEIRA,dia,2,1,2,0,,85465.9629711071
I. SOLTEIRA,dia,2,1,3,0,,85461.54994367485
I. SOLTEIRA,dia,2,1,4,0,,85461.17573467897
I. SOLTEIRA,dia,2,1,5,0,,85451.19396590618
I. SOLTEIRA,dia,2,2,1,0,,80531.57222179833
I. SOLTEIRA,dia,2,2,2,0,,80495.36998526187
I. SOLTEIRA,dia,2,2,3,0,,80486.42968976375
I. SOLTEIRA,dia,2,2,4,0,,80491.95004566325
I. SOLTEIRA,dia,2,2,5,0,,80490.6696056365
I. SOLTEIRA,dia,2,3,1,0,,79350.85041487865
I. SOLTEIRA,dia,2,3,2,0,,79328.84875548969
I. SOLTEIRA,dia,2,3,3,0,,79319.44904067925
I. SOLTEIRA,dia,2,3,4,0,,79328.17817608008
I. SOLTEIRA,dia,2,3,5,0,,79330.66852848175
I. SOLTEIRA,dia,2,4,1,0,,78038.10769348696
I. SOLTEIRA,dia,2,4,2,0,,78026.2175505961
I. SOLTEIRA,dia,2,4,3,0,,78025.17905200542
I. SOLTEIRA,dia,2,4,4,0,,78031.27710112956
I. SOLTEIRA,dia,2,4,5,0,,78036.30075486435
I. SOLTEIRA,dia,2,5,1,0,,76947.2174631762
I. SOLTEIRA,dia,2,5,2,0,,76937.10201865033
I. SOLTEIRA,dia,2,5,3,0,,76939.61081376713
I. SOLTEIRA,dia,2,5,4,0,,76946.53510288819
I. SOLTEIRA,dia,2,5,5,0,,76943.84541703743
I. SOLTEIRA,dia,3,1,1,1,,68814.04563084141
I. SOLTEIRA,dia,3,1,1,2,,68802.16353586975
I. SOLTEIRA,dia,3,1,1,3,,68804.91165913129
I. SOLTEIRA,dia,3,1,1,4,,68811.38450246767
I. SOLTEIRA,dia,3,1,1,5,,68818.01966899616
I. SOLTEIRA,dia,3,1,2,1,,68800.59298779858
I. SOLTEIRA,dia,3,1,2,2,,68787.65592031491
I. SOLTEIRA,dia,3,1,2,3,,68789.34522502216
I. SOLTEIRA,dia,3,1,2,4,,68795.05743680731
I. SOLTEIRA,dia,3,1,2,5,,68800.03491481108
I. SOLTEIRA,dia,3,1,3,1,,68800.35394689263
I. SOLTEIRA,dia,3,1,3,2,,68787.13822714904
I. SOLTEIRA,dia,3,1,3,3,,68788.87623177169
I. SOLTEIRA,dia,3,1,3,4,,68794.58402415944
I. SOLTEIRA,dia,3,1,3,5,,68799.9365127846
I. SOLTEIRA,dia,3,1,4,1,,68801.56567772957
I. SOLTEIRA,dia,3,1,4,2,,68788.19736905991
I. SOLTEIRA,dia,3,1,4,3,,68789.9144707567
I. SOLTEIRA,dia,3,1,4,4,,68795.53098169457
I. SOLTEIRA,dia,3,1,4,5,,68800.63819966678
I. SOLTEIRA,dia,3,1,5,1,,68798.18183554568
I. SOLTEIRA,dia,3,1,5,2,,68784.77425860829
I. SOLTEIRA,dia,3,1,5,3,,68786.65341331255
I. SOLTEIRA,dia,3,1,5,4,,68792.28338536044
I. SOLTEIRA,dia,3,1,5,5,,68797.65123183838
I. SOLTEIRA,dia,3,2,1,1,,66552.19659487759
I. SOLTEIRA,dia,3,2,1,2,,65948.2490098398
I. SOLTEIRA,dia,3,2,1,3,,65986.49932900966
I. SOLTEIRA,dia,3,2,1,4,,66003.78562977177
I. SOLTEIRA,dia,3,2,1,5,,65978.31741049098
I. SOLTEIRA,dia,3,2,2,1,,66546.82003776268
I. SOLTEIRA,dia,3,2,2,2,,65945.39946002861
I. SOLTEIRA,dia,3,2,2,3,,65983.91184724966
I. SOLTEIRA,dia,3,2,2,4,,66000.44525399787
I. SOLTEIRA,dia,3,2,2,5,,65975.27239886468
I. SOLTEIRA,dia,3,2,3,1,,66555.88336792227
I. SOLTEIRA,dia,3,2,3,2,,65950.45451492752
I. SOLTEIRA,dia,3,2,3,3,,65989.45502065783
I. SOLTEIRA,dia,3,2,3,4,,66006.36431367994
I. SOLTEIRA,dia,3,2,3,5,,65980.69492574557
I. SOLTEIRA,dia,3,2,4,1,,66556.77854741018
I. SOLTEIRA,dia,3,2,4,2,,65952.45776146215
I. SOLTEIRA,dia,3,2,4,3,,65991.53694640573
I. SOLTEIRA,dia,3,2,4,4,,66008.51354945134
I. SOLTEIRA,dia,3,2,4,5,,65983.26138964201
I. SOLTEIRA,dia,3,2,5,1,,66551.48647580578
I. SOLTEIRA,dia,3,2,5,2,,65952.22560023976
I. SOLTEIRA,dia,3,2,5,3,,65991.14199312031
I. SOLTEIRA,dia,3,2,5,4,,66008.12380185271
I. SOLTEIRA,dia,3,2,5,5,,65982.22590314686
I. SOLTEIRA,dia,3,3,1,1,,65987.69330013862
I. SOLTEIRA,dia,3,3,1,2,,65584.29430399962
I. SOLTEIRA,dia,3,3,1,3,,65611.49610977658
I. SOLTEIRA,dia,3,3,1,4,,65624.10698725951
I. SOLTEIRA,dia,3,3,1,5,,65611.48555261325
I. SOLTEIRA,dia,3,3,2,1,,65983.4950210013
I. SOLTEIRA,dia,3,3,2,2,,65582.47616878504
I. SOLTEIRA,dia,3,3,2,3,,65609.91430504512
I. SOLTEIRA,dia,3,3,2,4,,65621.91121210966
I. SOLTEIRA,dia,3,3,2,5,,65609.35845147897
I. SOLTEIRA,dia,3,3,3,1,,65991.77041292543
I. SOLTEIRA,dia,3,3,3,2,,65587.3830698544
I. SOLTEIRA,dia,3,3,3,3,,65615.14481116105
I. SOLTEIRA,dia,3,3,3,4,,65627.36012755796
I. SOLTEIRA,dia,3,3,3,5,,65614.50591403093
I. SOLTEIRA,dia,3,3,4,1,,65993.41102720084
I. SOLTEIRA,dia,3,3,4,2,,65589.84160417011
I. SOLTEIRA,dia,3,3,4,3,,65617.66827394303
I. SOLTEIRA,dia,3,3,4,4,,65629.94235511638
I. SOLTEIRA,dia,3,3,4,5,,65617.33243685817
I. SOLTEIRA,dia,3,3,5,1,,65990.41309814686
I. SOLTEIRA,dia,3,3,5,2,,65590.76728180319
I. SOLTEIRA,dia,3,3,5,3,,65618.4817198078
I. SOLTEIRA,dia,3,3,5,4,,65630.74294707767
I. SOLTEIRA,dia,3,3,5,5,,65617.65211548112
I. SOLTEIRA,dia,3,4,1,1,,65937.5910330717
I. SOLTEIRA,dia,3,4,1,2,,65557.16258792115
I. SOLTEIRA,dia,3,4,1,3,,65582.99423494736
I. SOLTEIRA,dia,3,4,1,4,,65596.8386436817
I. SOLTEIRA,dia,3,4,1,5,,65585.22078741268
I. SOLTEIRA,dia,3,4,2,1,,65933.79601442728
I. SOLTEIRA,dia,3,4,2,2,,65555.88133664377
I. SOLTEIRA,dia,3,4,2,3,,65581.85258902413
I. SOLTEIRA,dia,3,4,2,4,,65595.18789266174
I. SOLTEIRA,dia,3,4,2,5,,65583.43404238332
I. SOLTEIRA,dia,3,4,3,1,,65940.66863024194
I. SOLTEIRA,dia,3,4,3,2,,65560.46747325588
I. SOLTEIRA,dia,3,4,3,3,,65586.6393185711
I. SOLTEIRA,dia,3,4,3,4,,65600.12193929106
I. SOLTEIRA,dia,3,4,3,5,,65588.19362678324
I. SOLTEIRA,dia,3,4,4,1,,65942.83334830655
I. SOLTEIRA,dia,3,4,4,2,,65563.1501348752
I. SOLTEIRA,dia,3,4,4,3,,65589.35975949385
I. SOLTEIRA,dia,3,4,4,4,,65602.87445673425
I. SOLTEIRA,dia,3,4,4,5,,65591.0598233569
I. SOLTEIRA,dia,3,4,5,1,,65941.63347981533
I. SOLTEIRA,dia,3,4,5,2,,65564.68721419742
I. SOLTEIRA,dia,3,4,5,3,,65590.8146183426
I. SOLTEIRA,dia,3,4,5,4,,65604.2782644832
I. SOLTEIRA,dia,3,4,5,5,,65592.17257204608
I. SOLTEIRA,dia,3,5,1,1,,65884.45494189854
I. SOLTEIRA,dia,3,5,1,2,,65494.81942127959
I. SOLTEIRA,dia,3,5,1,3,,65521.18095104818
I. SOLTEIRA,dia,3,5,1,4,,65536.08449618227
I. SOLTEIRA,dia,3,5,1,5,,65522.309414575255
I. SOLTEIRA,dia,3,5,2,1,,65880.78932443509
I. SOLTEIRA,dia,3,5,2,2,,65493.125215434426
I. SOLTEIRA,dia,3,5,2,3,,65519.75333555309
I. SOLTEIRA,dia,3,5,2,4,,65534.12672651514
I. SOLTEIRA,dia,3,5,2,5,,65520.24141920307
I. SOLTEIRA,dia,3,5,3,1,,65887.74153912072
I. SOLTEIRA,dia,3,5,3,2,,65497.81318868464
I. SOLTEIRA,dia,3,5,3,3,,65524.62786825329
I. SOLTEIRA,dia,3,5,3,4,,65539.14914906945
I. SOLTEIRA,dia,3,5,3,5,,65525.04603110124
I. SOLTEIRA,dia,3,5,4,1,,65889.77558089914
I. SOLTEIRA,dia,3,5,4,2,,65500.32101436527
I. SOLTEIRA,dia,3,5,4,3,,65527.21391293348
I. SOLTEIRA,dia,3,5,4,4,,65541.78331343162
I. SOLTEIRA,dia,3,5,4,5,,65527.845355766294
I. SOLTEIRA,dia,3,5,5,1,,65888.17006689285
I. SOLTEIRA,dia,3,5,5,2,,65501.40313674199
I. SOLTEIRA,dia,3,5,5,3,,65528.26627228116
I. SOLTEIRA,dia,3,5,5,4,,65542.8243146264
I. SOLTEIRA,dia,3,5,5,5,,65528.51983253094
I. SOLTEIRA,dia,4,1,1,1,,85518.69495825164
I. SOLTEIRA,dia,4,1,1,2,,85522.69495825164
I. SOLTEIRA,dia,4,1,1,3,,85526.69495825164
I. SOLTEIRA,dia,4,1,1,4,,85530.69495825164
I. SOLTEIRA,dia,4,1,1,5,,85534.69495825164
I. SOLTEIRA,dia,4,1,2,1,,85470.96291402513
I. SOLTEIRA,dia,4,1,2,2,,85474.96291402513
I. SOLTEIRA,dia,4,1,2,3,,85478.96291402513
I. SOLTEIRA,dia,4,1,2,4,,85482.96291402513
I. SOLTEIRA,dia,4,1,2,5,,85486.96291402513
I. SOLTEIRA,dia,4,1,3,1,,85466.54988659288
I. SOLTEIRA,dia,4,1,3,2,,85470.54988659288
I. SOLTEIRA,dia,4,1,3,3,,85474.54988659288
I. SOLTEIRA,dia,4,1,3,4,,85478.54988659288
I. SOLTEIRA,dia,4,1,3,5,,85482.54988659288
I. SOLTEIRA,dia,4,1,4,1,,85466.175677597
I. SOLTEIRA,dia,4,1,4,2,,85470.175677597
I. SOLTEIRA,dia,4,1,4,3,,85474.175677597
I. SOLTEIRA,dia,4,1,4,4,,85478.175677597
I. SOLTEIRA,dia,4,1,4,5,,85482.175677597
I. SOLTEIRA,dia,4,1,5,1,,85456.1939088242
I. SOLTEIRA,dia,4,1,5,2,,85460.1939088242
I. SOLTEIRA,dia,4,1,5,3,,85464.1939088242
I. SOLTEIRA,dia,4,1,5,4,,85468.1939088242
I. SOLTEIRA,dia,4,1,5,5,,85472.1939088242
I. SOLTEIRA,dia,4,2,1,1,,80535.57199345306
I. SOLTEIRA,dia,4,2,1,2,,80539.57199345305
I. SOLTEIRA,dia,4,2,1,3,,80543.57199345305
I. SOLTEIRA,dia,4,2,1,4,,80547.57199345305
I. SOLTEIRA,dia,4,2,1,5,,80551.57199345305
I. SOLTEIRA,dia,4,2,2,1,,80499.3697569166
I. SOLTEIRA,dia,4,2,2,2,,80503.3697569166
I. SOLTEIRA,dia,4,2,2,3,,80507.3697569166
I. SOLTEIRA,dia,4,2,2,4,,80511.3697569166
I. SOLTEIRA,dia,4,2,2,5,,80515.3697569166
I. SOLTEIRA,dia,4,2,3,1,,80490.42946141849
I. SOLTEIRA,dia,4,2,3,2,,80494.42946141848
I. SOLTEIRA,dia,4,2,3,3,,80498.42946141848
I. SOLTEIRA,dia,4,2,3,4,,80502.42946141848
I. SOLTEIRA,dia,4,2,3,5,,80506.42946141848
I. SOLTEIRA,dia,4,2,4,1,,80495.94981731799
I. SOLTEIRA,dia,4,2,4,2,,80499.94981731797
I. SOLTEIRA,dia,4,2,4,3,,80503.94981731797
I. SOLTEIRA,dia,4,2,4,4,,80507.94981731797
I. SOLTEIRA,dia,4,2,4,5,,80511.94981731797
I. SOLTEIRA,dia,4,2,5,1,,80494.66937729123
I. SOLTEIRA,dia,4,2,5,2,,80498.66937729123
I. SOLTEIRA,dia,4,2,5,3,,80502.66937729123
I. SOLTEIRA,dia,4,2,5,4,,80506.66937729123
I. SOLTEIRA,dia,4,2,5,5,,80510.66937729123
I. SOLTEIRA,dia,4,3,1,1,,79353.8499010627
I. SOLTEIRA,dia,4,3,1,2,,79357.8499010627
I. SOLTEIRA,dia,4,3,1,3,,79361.8499010627
I. SOLTEIRA,dia,4,3,1,4,,79365.8499010627
I. SOLTEIRA,dia,4,3,1,5,,79369.8499010627
I. SOLTEIRA,dia,4,3,2,1,,79331.84824167375
I. SOLTEIRA,dia,4,3,2,2,,79335.84824167375
I. SOLTEIRA,dia,4,3,2,3,,79339.84824167375
I. SOLTEIRA,dia,4,3,2,4,,79343.84824167375
I. SOLTEIRA,dia,4,3,2,5,,79347.84824167375
I. SOLTEIRA,dia,4,3,3,1,,79322.4485268633
I. SOLTEIRA,dia,4,3,3,2,,79326.4485268633
I. SOLTEIRA,dia,4,3,3,3,,79330.4485268633
I. SOLTEIRA,dia,4,3,3,4,,79334.4485268633
I. SOLTEIRA,dia,4,3,3,5,,79338.4485268633
I. SOLTEIRA,dia,4,3,4,1,,79331.17766226413
I. SOLTEIRA,dia,4,3,4,2,,79335.17766226412
I. SOLTEIRA,dia,4,3,4,3,,79339.17766226412
I. SOLTEIRA,dia,4,3,4,4,,79343.17766226412
I. SOLTEIRA,dia,4,3,4,5,,79347.17766226412
I. SOLTEIRA,dia,4,3,5,1,,79333.6680146658
I. SOLTEIRA,dia,4,3,5,2,,79337.6680146658
I. SOLTEIRA,dia,4,3,5,3,,79341.6680146658
I. SOLTEIRA,dia,4,3,5,4,,79345.6680146658
I. SOLTEIRA,dia,4,3,5,5,,79349.6680146658
I. SOLTEIRA,dia,4,4,1,1,,78040.10677996685
I. SOLTEIRA,dia,4,4,1,2,,78044.10677996684
I. SOLTEIRA,dia,4,4,1,3,,78048.10677996685
I. SOLTEIRA,dia,4,4,1,4,,78052.10677996684
I. SOLTEIRA,dia,4,4,1,5,,78056.10677996684
I. SOLTEIRA,dia,4,4,2,1,,78028.216637076
I. SOLTEIRA,dia,4,4,2,2,,78032.21663707597
I. SOLTEIRA,dia,4,4,2,3,,78036.21663707597
I. SOLTEIRA,dia,4,4,2,4,,78040.21663707597
I. SOLTEIRA,dia,4,4,2,5,,78044.21663707597
I. SOLTEIRA,dia,4,4,3,1,,78027.1781384853
I. SOLTEIRA,dia,4,4,3,2,,78031.1781384853
I. SOLTEIRA,dia,4,4,3,3,,78035.1781384853
I. SOLTEIRA,dia,4,4,3,4,,78039.1781384853
I. SOLTEIRA,dia,4,4,3,5,,78043.1781384853
I. SOLTEIRA,dia,4,4,4,1,,78033.27618760944
I. SOLTEIRA,dia,4,4,4,2,,78037.27618760944
I. SOLTEIRA,dia,4,4,4,3,,78041.27618760944
I. SOLTEIRA,dia,4,4,4,4,,78045.27618760944
I. SOLTEIRA,dia,4,4,4,5,,78049.27618760944
I. SOLTEIRA,dia,4,4,5,1,,78038.29984134424
I. SOLTEIRA,dia,4,4,5,2,,78042.29984134421
I. SOLTEIRA,dia,4,4,5,3,,78046.29984134423
I. SOLTEIRA,dia,4,4,5,4,,78050.29984134423
I. SOLTEIRA,dia,4,4,5,5,,78054.29984134421
I. SOLTEIRA,dia,4,5,1,1,,76948.21603569234
I. SOLTEIRA,dia,4,5,1,2,,76952.21603569233
I. SOLTEIRA,dia,4,5,1,3,,76956.21603569233
I. SOLTEIRA,dia,4,5,1,4,,76960.21603569233
I. SOLTEIRA,dia,4,5,1,5,,76964.21603569231
I. SOLTEIRA,dia,4,5,2,1,,76938.10059116647
I. SOLTEIRA,dia,4,5,2,2,,76942.10059116645
I. SOLTEIRA,dia,4,5,2,3,,76946.10059116645
I. SOLTEIRA,dia,4,5,2,4,,76950.10059116645
I. SOLTEIRA,dia,4,5,2,5,,76954.10059116645
I. SOLTEIRA,dia,4,5,3,1,,76940.60938628326
I. SOLTEIRA,dia,4,5,3,2,,76944.60938628325
I. SOLTEIRA,dia,4,5,3,3,,76948.60938628325
I. SOLTEIRA,dia,4,5,3,4,,76952.60938628325
I. SOLTEIRA,dia,4,5,3,5,,76956.60938628325
I. SOLTEIRA,dia,4,5,4,1,,76947.53367540432
I. SOLTEIRA,dia,4,5,4,2,,76951.53367540432
I. SOLTEIRA,dia,4,5,4,3,,76955.53367540432
I. SOLTEIRA,dia,4,5,4,4,,76959.53367540432
I. SOLTEIRA,dia,4,5,4,5,,76963.53367540431
I. SOLTEIRA,dia,4,5,5,1,,76944.8439895536
I. SOLTEIRA,dia,4,5,5,2,,76948.84398955357
I. SOLTEIRA,dia,4,5,5,3,,76952.84398955358
I. SOLTEIRA,dia,4,5,5,4,,76956.84398955357
I. SOLTEIRA,dia,4,5,5,5,,76960.84398955357
I. SOLTEIRA,sem,1,1,1,0,,13098.50557346398
I. SOLTEIRA,sem,1,1,2,0,,13092.72432013855
I. SOLTEIRA,sem,1,1,3,0,,13094.712415083864
I. SOLTEIRA,sem,1,1,4,0,,13097.438007320894
I. SOLTEIRA,sem,1,1,5,0,,13097.962540316616
I. SOLTEIRA,sem,1,2,1,0,,13073.148348140812
I. SOLTEIRA,sem,1,2,2,0,,13069.001856009563
I. SOLTEIRA,sem,1,2,3,0,,13071.421916019675
I. SOLTEIRA,sem,1,2,4,0,,13074.496692298315
I. SOLTEIRA,sem,1,2,5,0,,13075.793877982613
I. SOLTEIRA,sem,1,3,1,0,,13008.1592911045
I. SOLTEIRA,sem,1,3,2,0,,12999.837201406268
I. SOLTEIRA,sem,1,3,3,0,,13001.210325607068
I. SOLTEIRA,sem,1,3,4,0,,13003.813104306508
I. SOLTEIRA,sem,1,3,5,0,,13003.880414090498
I. SOLTEIRA,sem,1,4,1,0,,13007.000433192161
I. SOLTEIRA,sem,1,4,2,0,,12997.192492536133
I. SOLTEIRA,sem,1,4,3,0,,12998.18826170427
I. SOLTEIRA,sem,1,4,4,0,,13000.69718519739
I. SOLTEIRA,sem,1,4,5,0,,13000.546146666442
I. SOLTEIRA,sem,1,5,1,0,,13008.610681259386
I. SOLTEIRA,sem,1,5,2,0,,12999.015510016132
I. SOLTEIRA,sem,1,5,3,0,,12999.976929946984
I. SOLTEIRA,sem,1,5,4,0,,13002.526943609397
I. SOLTEIRA,sem,1,5,5,0,,13002.422358381935
I. SOLTEIRA,sem,2,1,1,0,,15471.67582478562
I. SOLTEIRA,sem,2,1,2,0,,15461.63890034458
I. SOLTEIRA,sem,2,1,3,0,,15460.35857943017
I. SOLTEIRA,sem,2,1,4,0,,15463.102934164794
I. SOLTEIRA,sem,2,1,5,0,,15460.238320175416
I. SOLTEIRA,sem,2,2,1,0,,15308.986113130679
I. SOLTEIRA,sem,2,2,2,0,,15305.95797971046
I. SOLTEIRA,sem,2,2,3,0,,15302.350775633367
I. SOLTEIRA,sem,2,2,4,0,,15307.354388694162
I. SOLTEIRA,sem,2,2,5,0,,15306.479232140733
I. SOLTEIRA,sem,2,3,1,0,,15145.058311458228
I. SOLTEIRA,sem,2,3,2,0,,15138.939217881409
I. SOLTEIRA,sem,2,3,3,0,,15134.225817063012
I. SOLTEIRA,sem,2,3,4,0,,15136.889498937851
I. SOLTEIRA,sem,2,3,5,0,,15131.066472131515
I. SOLTEIRA,sem,2,4,1,0,,15036.680071700102
I. SOLTEIRA,sem,2,4,2,0,,15036.426804259674
I. SOLTEIRA,sem,2,4,3,0,,15034.993181437081
I. SOLTEIRA,sem,2,4,4,0,,15034.445070313888
I. SOLTEIRA,sem,2,4,5,0,,15026.020857229923
I. SOLTEIRA,sem,2,5,1,0,,14959.154356381358
I. SOLTEIRA,sem,2,5,2,0,,14969.245454883288
I. SOLTEIRA,sem,2,5,3,0,,14964.922915074601
I. SOLTEIRA,sem,2,5,4,0,,14966.583251476319
I. SOLTEIRA,sem,2,5,5,0,,14959.36037042279
I. SOLTEIRA,sem,3,1,1,1,,13106.180223614574
I. SOLTEIRA,sem,3,1,1,2,,13104.593654846562
I. SOLTEIRA,sem,3,1,1,3,,13107.590643631696
I. SOLTEIRA,sem,3,1,1,4,,13114.024720057512
I. SOLTEIRA,sem,3,1,1,5,,13120.40251948776
I. SOLTEIRA,sem,3,1,2,1,,13099.74176483184
I. SOLTEIRA,sem,3,1,2,2,,13098.432626235168
I. SOLTEIRA,sem,3,1,2,3,,13100.829819324961
I. SOLTEIRA,sem,3,1,2,4,,13106.833670059155
I. SOLTEIRA,sem,3,1,2,5,,13112.65251470356
I. SOLTEIRA,sem,3,1,3,1,,13101.493359473303
I. SOLTEIRA,sem,3,1,3,2,,13100.202262162333
I. SOLTEIRA,sem,3,1,3,3,,13102.595829374912
I. SOLTEIRA,sem,3,1,3,4,,13108.623605541748
I. SOLTEIRA,sem,3,1,3,5,,13114.611211852707
I. SOLTEIRA,sem,3,1,4,1,,13104.248727242364
I. SOLTEIRA,sem,3,1,4,2,,13102.971035842975
I. SOLTEIRA,sem,3,1,4,3,,13105.345304321023
I. SOLTEIRA,sem,3,1,4,4,,13111.332267595946
I. SOLTEIRA,sem,3,1,4,5,,13117.279942195077
I. SOLTEIRA,sem,3,1,5,1,,13104.886151025195
I. SOLTEIRA,sem,3,1,5,2,,13103.648205397076
I. SOLTEIRA,sem,3,1,5,3,,13106.117349210008
I. SOLTEIRA,sem,3,1,5,4,,13112.207487959651
I. SOLTEIRA,sem,3,1,5,5,,13118.322907347392
I. SOLTEIRA,sem,3,2,1,1,,13095.73841405157
I. SOLTEIRA,sem,3,2,1,2,,13099.487683298314
I. SOLTEIRA,sem,3,2,1,3,,13099.147685363137
I. SOLTEIRA,sem,3,2,1,4,,13105.341590604141
I. SOLTEIRA,sem,3,2,1,5,,13110.697035543093
I. SOLTEIRA,sem,3,2,2,1,,13090.576662308289
I. SOLTEIRA,sem,3,2,2,2,,13095.206953654091
I. SOLTEIRA,sem,3,2,2,3,,13094.556626992216
I. SOLTEIRA,sem,3,2,2,4,,13100.223438047424
I. SOLTEIRA,sem,3,2,2,5,,13105.180627126549
I. SOLTEIRA,sem,3,2,3,1,,13094.495243524178
I. SOLTEIRA,sem,3,2,3,2,,13098.679297557404
I. SOLTEIRA,sem,3,2,3,3,,13097.96141899322
I. SOLTEIRA,sem,3,2,3,4,,13103.69789889343
I. SOLTEIRA,sem,3,2,3,5,,13108.47076113665
I. SOLTEIRA,sem,3,2,4,1,,13097.027107987024
I. SOLTEIRA,sem,3,2,4,2,,13101.398744563508
I. SOLTEIRA,sem,3,2,4,3,,13100.716074076645
I. SOLTEIRA,sem,3,2,4,4,,13106.467959322994
I. SOLTEIRA,sem,3,2,4,5,,13111.304159336492
I. SOLTEIRA,sem,3,2,5,1,,13097.116339837983
I. SOLTEIRA,sem,3,2,5,2,,13102.218390138558
I. SOLTEIRA,sem,3,2,5,3,,13101.610016208308
I. SOLTEIRA,sem,3,2,5,4,,13107.436580662024
I. SOLTEIRA,sem,3,2,5,5,,13112.314500848404
I. SOLTEIRA,sem,3,3,1,1,,13033.992637280033
I. SOLTEIRA,sem,3,3,1,2,,13042.363819025008
I. SOLTEIRA,sem,3,3,1,3,,13041.318918953773
I. SOLTEIRA,sem,3,3,1,4,,13046.51834177966
I. SOLTEIRA,sem,3,3,1,5,,13049.304495633774
I. SOLTEIRA,sem,3,3,2,1,,13024.90872634506
I. SOLTEIRA,sem,3,3,2,2,,13034.34291454184
I. SOLTEIRA,sem,3,3,2,3,,13032.956063659552
I. SOLTEIRA,sem,3,3,2,4,,13037.341090022474
I. SOLTEIRA,sem,3,3,2,5,,13039.526358129884
I. SOLTEIRA,sem,3,3,3,1,,13028.23966251323
I. SOLTEIRA,sem,3,3,3,2,,13037.740147620498
I. SOLTEIRA,sem,3,3,3,3,,13036.336792904338
I. SOLTEIRA,sem,3,3,3,4,,13040.81360146521
I. SOLTEIRA,sem,3,3,3,5,,13042.502474026105
I. SOLTEIRA,sem,3,3,4,1,,13030.259808737315
I. SOLTEIRA,sem,3,3,4,2,,13040.070724052126
I. SOLTEIRA,sem,3,3,4,3,,13038.748062417118
I. SOLTEIRA,sem,3,3,4,4,,13043.302021620646
I. SOLTEIRA,sem,3,3,4,5,,13045.234974874453
I. SOLTEIRA,sem,3,3,5,1,,13028.951716052943
I. SOLTEIRA,sem,3,3,5,2,,13039.711168640568
I. SOLTEIRA,sem,3,3,5,3,,13038.403421190986
I. SOLTEIRA,sem,3,3,5,4,,13043.063974492656
I. SOLTEIRA,sem,3,3,5,5,,13044.844769352349
I. SOLTEIRA,sem,3,4,1,1,,13029.755913127337
I. SOLTEIRA,sem,3,4,1,2,,13033.260544844215
I. SOLTEIRA,sem,3,4,1,3,,13031.217605397147
I. SOLTEIRA,sem,3,4,1,4,,13035.39674280135
I. SOLTEIRA,sem,3,4,1,5,,13037.539037784889
I. SOLTEIRA,sem,3,4,2,1,,13018.060255328515
I. SOLTEIRA,sem,3,4,2,2,,13022.702176232044
I. SOLTEIRA,sem,3,4,2,3,,13020.151566055292
I. SOLTEIRA,sem,3,4,2,4,,13023.075862400348
I. SOLTEIRA,sem,3,4,2,5,,13024.289442573123
I. SOLTEIRA,sem,3,4,3,1,,13020.34514709848
I. SOLTEIRA,sem,3,4,3,2,,13026.390006471647
I. SOLTEIRA,sem,3,4,3,3,,13023.711186401611
I. SOLTEIRA,sem,3,4,3,4,,13026.568383043594
I. SOLTEIRA,sem,3,4,3,5,,13027.148814930566
I. SOLTEIRA,sem,3,4,4,1,,13022.284344480144
I. SOLTEIRA,sem,3,4,4,2,,13028.570333650567
I. SOLTEIRA,sem,3,4,4,3,,13025.992149541678
I. SOLTEIRA,sem,3,4,4,4,,13028.964317407632
I. SOLTEIRA,sem,3,4,4,5,,13029.788270473766
I. SOLTEIRA,sem,3,4,5,1,,13020.608694571369
I. SOLTEIRA,sem,3,4,5,2,,13027.788412679301
I. SOLTEIRA,sem,3,4,5,3,,13025.096735038042
I. SOLTEIRA,sem,3,4,5,4,,13028.095696624718
I. SOLTEIRA,sem,3,4,5,5,,13028.721985979211
I. SOLTEIRA,sem,3,5,1,1,,13032.405404914798
I. SOLTEIRA,sem,3,5,1,2,,13037.469688969168
I. SOLTEIRA,sem,3,5,1,3,,13035.455028954137
I. SOLTEIRA,sem,3,5,1,4,,13039.97121796078
I. SOLTEIRA,sem,3,5,1,5,,13042.927401189512
I. SOLTEIRA,sem,3,5,2,1,,13020.88216864189
I. SOLTEIRA,sem,3,5,2,2,,13027.824276938052
I. SOLTEIRA,sem,3,5,2,3,,13025.698136503566
I. SOLTEIRA,sem,3,5,2,4,,13029.02762303838
I. SOLTEIRA,sem,3,5,2,5,,13030.998945198982
I. SOLTEIRA,sem,3,5,3,1,,13023.573779181967
I. SOLTEIRA,sem,3,5,3,2,,13032.786430754753
I. SOLTEIRA,sem,3,5,3,3,,13030.553717899147
I. SOLTEIRA,sem,3,5,3,4,,13033.797616581087
I. SOLTEIRA,sem,3,5,3,5,,13035.253552739456
I. SOLTEIRA,sem,3,5,4,1,,13025.572999460184
I. SOLTEIRA,sem,3,5,4,2,,13035.077116949426
I. SOLTEIRA,sem,3,5,4,3,,13032.919538941249
I. SOLTEIRA,sem,3,5,4,4,,13036.269398954408
I. SOLTEIRA,sem,3,5,4,5,,13037.911015167521
I. SOLTEIRA,sem,3,5,5,1,,13024.444004257979
I. SOLTEIRA,sem,3,5,5,2,,13034.506987061432
I. SOLTEIRA,sem,3,5,5,3,,13032.242665442725
I. SOLTEIRA,sem,3,5,5,4,,13035.58447313967
I. SOLTEIRA,sem,3,5,5,5,,13037.09315526362
I. SOLTEIRA,sem,4,1,1,1,,15476.675423930448
I. SOLTEIRA,sem,4,1,1,2,,15480.675423930448
I. SOLTEIRA,sem,4,1,1,3,,15484.675423930448
I. SOLTEIRA,sem,4,1,1,4,,15488.675423930448
I. SOLTEIRA,sem,4,1,1,5,,15492.675423930446
I. SOLTEIRA,sem,4,1,2,1,,15466.638499489409
I. SOLTEIRA,sem,4,1,2,2,,15470.638499489409
I. SOLTEIRA,sem,4,1,2,3,,15474.638499489409
I. SOLTEIRA,sem,4,1,2,4,,15478.638499489409
I. SOLTEIRA,sem,4,1,2,5,,15482.638499489409
I. SOLTEIRA,sem,4,1,3,1,,15465.358178575001
I. SOLTEIRA,sem,4,1,3,2,,15469.358178575001
I. SOLTEIRA,sem,4,1,3,3,,15473.358178575001
I. SOLTEIRA,sem,4,1,3,4,,15477.358178575001
I. SOLTEIRA,sem,4,1,3,5,,15481.358178575001
I. SOLTEIRA,sem,4,1,4,1,,15468.102533309622
I. SOLTEIRA,sem,4,1,4,2,,15472.102533309622
I. SOLTEIRA,sem,4,1,4,3,,15476.102533309622
I. SOLTEIRA,sem,4,1,4,4,,15480.102533309622
I. SOLTEIRA,sem,4,1,4,5,,15484.102533309622
I. SOLTEIRA,sem,4,1,5,1,,15465.237919320245
I. SOLTEIRA,sem,4,1,5,2,,15469.237919320245
I. SOLTEIRA,sem,4,1,5,3,,15473.237919320245
I. SOLTEIRA,sem,4,1,5,4,,15477.237919320245
I. SOLTEIRA,sem,4,1,5,5,,15481.237919320245
I. SOLTEIRA,sem,4,2,1,1,,15312.984508852373
I. SOLTEIRA,sem,4,2,1,2,,15316.984508852373
I. SOLTEIRA,sem,4,2,1,3,,15320.984508852373
I. SOLTEIRA,sem,4,2,1,4,,15324.984508852373
I. SOLTEIRA,sem,4,2,1,5,,15328.984508852373
I. SOLTEIRA,sem,4,2,2,1,,15309.956375432157
I. SOLTEIRA,sem,4,2,2,2,,15313.956375432157
I. SOLTEIRA,sem,4,2,2,3,,15317.956375432157
I. SOLTEIRA,sem,4,2,2,4,,15321.956375432155
I. SOLTEIRA,sem,4,2,2,5,,15325.956375432157
I. SOLTEIRA,sem,4,2,3,1,,15306.349171355061
I. SOLTEIRA,sem,4,2,3,2,,15310.349171355061
I. SOLTEIRA,sem,4,2,3,3,,15314.349171355061
I. SOLTEIRA,sem,4,2,3,4,,15318.349171355061
I. SOLTEIRA,sem,4,2,3,5,,15322.349171355061
I. SOLTEIRA,sem,4,2,4,1,,15311.352784415858
I. SOLTEIRA,sem,4,2,4,2,,15315.352784415858
I. SOLTEIRA,sem,4,2,4,3,,15319.352784415858
I. SOLTEIRA,sem,4,2,4,4,,15323.352784415858
I. SOLTEIRA,sem,4,2,4,5,,15327.352784415858
I. SOLTEIRA,sem,4,2,5,1,,15310.47762786243
I. SOLTEIRA,sem,4,2,5,2,,15314.47762786243
I. SOLTEIRA,sem,4,2,5,3,,15318.47762786243
I. SOLTEIRA,sem,4,2,5,4,,15322.47762786243
I. SOLTEIRA,sem,4,2,5,5,,15326.47762786243
I. SOLTEIRA,sem,4,3,1,1,,15148.054699900084
I. SOLTEIRA,sem,4,3,1,2,,15152.054699900084
I. SOLTEIRA,sem,4,3,1,3,,15156.054699900084
I. SOLTEIRA,sem,4,3,1,4,,15160.054699900084
I. SOLTEIRA,sem,4,3,1,5,,15164.054699900084
I. SOLTEIRA,sem,4,3,2,1,,15141.935606323263
I. SOLTEIRA,sem,4,3,2,2,,15145.935606323263
I. SOLTEIRA,sem,4,3,2,3,,15149.935606323263
I. SOLTEIRA,sem,4,3,2,4,,15153.935606323263
I. SOLTEIRA,sem,4,3,2,5,,15157.935606323263
I. SOLTEIRA,sem,4,3,3,1,,15137.222205504866
I. SOLTEIRA,sem,4,3,3,2,,15141.222205504866
I. SOLTEIRA,sem,4,3,3,3,,15145.222205504866
I. SOLTEIRA,sem,4,3,3,4,,15149.222205504866
I. SOLTEIRA,sem,4,3,3,5,,15153.222205504866
I. SOLTEIRA,sem,4,3,4,1,,15139.885887379705
I. SOLTEIRA,sem,4,3,4,2,,15143.885887379707
I. SOLTEIRA,sem,4,3,4,3,,15147.885887379705
I. SOLTEIRA,sem,4,3,4,4,,15151.885887379707
I. SOLTEIRA,sem,4,3,4,5,,15155.885887379705
I. SOLTEIRA,sem,4,3,5,1,,15134.062860573373
I. SOLTEIRA,sem,4,3,5,2,,15138.062860573373
I. SOLTEIRA,sem,4,3,5,3,,15142.062860573373
I. SOLTEIRA,sem,4,3,5,4,,15146.062860573373
I. SOLTEIRA,sem,4,3,5,5,,15150.06286057337
I. SOLTEIRA,sem,4,4,1,1,,15038.673647713555
I. SOLTEIRA,sem,4,4,1,2,,15042.673647713555
I. SOLTEIRA,sem,4,4,1,3,,15046.673647713555
I. SOLTEIRA,sem,4,4,1,4,,15050.673647713555
I. SOLTEIRA,sem,4,4,1,5,,15054.673647713553
I. SOLTEIRA,sem,4,4,2,1,,15038.420380273123
I. SOLTEIRA,sem,4,4,2,2,,15042.420380273123
I. SOLTEIRA,sem,4,4,2,3,,15046.420380273123
I. SOLTEIRA,sem,4,4,2,4,,15050.420380273123
I. SOLTEIRA,sem,4,4,2,5,,15054.42038027312
I. SOLTEIRA,sem,4,4,3,1,,15036.986757450532
I. SOLTEIRA,sem,4,4,3,2,,15040.986757450532
I. SOLTEIRA,sem,4,4,3,3,,15044.986757450532
I. SOLTEIRA,sem,4,4,3,4,,15048.986757450532
I. SOLTEIRA,sem,4,4,3,5,,15052.986757450532
I. SOLTEIRA,sem,4,4,4,1,,15036.438646327339
I. SOLTEIRA,sem,4,4,4,2,,15040.438646327339
I. SOLTEIRA,sem,4,4,4,3,,15044.438646327339
I. SOLTEIRA,sem,4,4,4,4,,15048.438646327339
I. SOLTEIRA,sem,4,4,4,5,,15052.438646327339
I. SOLTEIRA,sem,4,4,5,1,,15028.014433243372
I. SOLTEIRA,sem,4,4,5,2,,15032.014433243372
I. SOLTEIRA,sem,4,4,5,3,,15036.014433243372
I. SOLTEIRA,sem,4,4,5,4,,15040.014433243372
I. SOLTEIRA,sem,4,4,5,5,,15044.014433243372
I. SOLTEIRA,sem,4,5,1,1,,14960.144313522866
I. SOLTEIRA,sem,4,5,1,2,,14964.144313522866
I. SOLTEIRA,sem,4,5,1,3,,14968.144313522866
I. SOLTEIRA,sem,4,5,1,4,,14972.144313522866
I. SOLTEIRA,sem,4,5,1,5,,14976.144313522866
I. SOLTEIRA,sem,4,5,2,1,,14970.2354120248
I. SOLTEIRA,sem,4,5,2,2,,14974.2354120248
I. SOLTEIRA,sem,4,5,2,3,,14978.2354120248
I. SOLTEIRA,sem,4,5,2,4,,14982.2354120248
I. SOLTEIRA,sem,4,5,2,5,,14986.235412024798
I. SOLTEIRA,sem,4,5,3,1,,14965.912872216113
I. SOLTEIRA,sem,4,5,3,2,,14969.912872216113
I. SOLTEIRA,sem,4,5,3,3,,14973.912872216113
I. SOLTEIRA,sem,4,5,3,4,,14977.912872216113
I. SOLTEIRA,sem,4,5,3,5,,14981.912872216113
I. SOLTEIRA,sem,4,5,4,1,,14967.573208617829
I. SOLTEIRA,sem,4,5,4,2,,14971.573208617829
I. SOLTEIRA,sem,4,5,4,3,,14975.573208617829
I. SOLTEIRA,sem,4,5,4,4,,14979.573208617829
I. SOLTEIRA,sem,4,5,4,5,,14983.573208617829
I. SOLTEIRA,sem,4,5,5,1,,14960.350327564302
I. SOLTEIRA,sem,4,5,5,2,,14964.350327564302
I. SOLTEIRA,sem,4,5,5,3,,14968.350327564302
I. SOLTEIRA,sem,4,5,5,4,,14972.350327564302
I. SOLTEIRA,sem,4,5,5,5,,14976.350327564302
I. SOLTEIRA,mes,1,1,1,0,,3202.626668515263
I. SOLTEIRA,mes,1,1,2,0,,3189.2077423267483
I. SOLTEIRA,mes,1,1,3,0,,3190.601953560673
I. SOLTEIRA,mes,1,1,4,0,,3191.414280257171
I. SOLTEIRA,mes,1,1,5,0,,3189.8133266550967
I. SOLTEIRA,mes,1,2,1,0,,3204.177884546415
I. SOLTEIRA,mes,1,2,2,0,,3188.838044407487
I. SOLTEIRA,mes,1,2,3,0,,3189.9395042979195
I. SOLTEIRA,mes,1,2,4,0,,3191.071023112719
I. SOLTEIRA,mes,1,2,5,0,,3190.278256508467
I. SOLTEIRA,mes,1,3,1,0,,3204.9358689262517
I. SOLTEIRA,mes,1,3,2,0,,3189.303001834522
I. SOLTEIRA,mes,1,3,3,0,,3190.7086428630005
I. SOLTEIRA,mes,1,3,4,0,,3192.1153740437467
I. SOLTEIRA,mes,1,3,5,0,,3191.0812396398674
I. SOLTEIRA,mes,1,4,1,0,,3204.6207962215303
I. SOLTEIRA,mes,1,4,2,0,,3190.823484413504
I. SOLTEIRA,mes,1,4,3,0,,3192.373351373566
I. SOLTEIRA,mes,1,4,4,0,,3193.640614482476
I. SOLTEIRA,mes,1,4,5,0,,3192.658424821642
I. SOLTEIRA,mes,1,5,1,0,,3203.7878506434226
I. SOLTEIRA,mes,1,5,2,0,,3192.1891535226814
I. SOLTEIRA,mes,1,5,3,0,,3193.576585534606
I. SOLTEIRA,mes,1,5,4,0,,3194.8299928981714
I. SOLTEIRA,mes,1,5,5,0,,3194.113808963981
I. SOLTEIRA,mes,2,1,1,0,,3763.5623627389004
I. SOLTEIRA,mes,2,1,2,0,,3746.08791835019
I. SOLTEIRA,mes,2,1,3,0,,3746.24152423652
I. SOLTEIRA,mes,2,1,4,0,,3747.4809669102474
I. SOLTEIRA,mes,2,1,5,0,,3745.0194677310237
I. SOLTEIRA,mes,2,2,1,0,,3751.1432671356697
I. SOLTEIRA,mes,2,2,2,0,,3722.753875289957
I. SOLTEIRA,mes,2,2,3,0,,3722.5372196455687
I. SOLTEIRA,mes,2,2,4,0,,3721.49874136471
I. SOLTEIRA,mes,2,2,5,0,,3720.395629243398
I. SOLTEIRA,mes,2,3,1,0,,3735.724861642153
I. SOLTEIRA,mes,2,3,2,0,,3709.980733185859
I. SOLTEIRA,mes,2,3,3,0,,3713.3313022324783
I. SOLTEIRA,mes,2,3,4,0,,3713.977787048939
I. SOLTEIRA,mes,2,3,5,0,,3712.623168145756
I. SOLTEIRA,mes,2,4,1,0,,3730.4780757089625
I. SOLTEIRA,mes,2,4,2,0,,3696.697317109578
I. SOLTEIRA,mes,2,4,3,0,,3701.7451052875836
I. SOLTEIRA,mes,2,4,4,0,,3701.831900580568
I. SOLTEIRA,mes,2,4,5,0,,3702.428647000875
I. SOLTEIRA,mes,2,5,1,0,,3714.027460297118
I. SOLTEIRA,mes,2,5,2,0,,3686.220852069618
I. SOLTEIRA,mes,2,5,3,0,,3694.1681046073413
I. SOLTEIRA,mes,2,5,4,0,,3697.311453523058
I. SOLTEIRA,mes,2,5,5,0,,3697.0196379025388
I. SOLTEIRA,mes,3,1,1,1,,3208.053235017547
I. SOLTEIRA,mes,3,1,1,2,,3209.378819730431
I. SOLTEIRA,mes,3,1,1,3,,3215.089203652576
I. SOLTEIRA,mes,3,1,1,4,,3222.521907164016
I. SOLTEIRA,mes,3,1,1,5,,3224.343714114676
I. SOLTEIRA,mes,3,1,2,1,,3193.0730284800375
I. SOLTEIRA,mes,3,1,2,2,,3192.420057055121
I. SOLTEIRA,mes,3,1,2,3,,3195.7887925404357
I. SOLTEIRA,mes,3,1,2,4,,3199.4133041749947
I. SOLTEIRA,mes,3,1,2,5,,3200.8677947452684
I. SOLTEIRA,mes,3,1,3,1,,3194.593005610047
I. SOLTEIRA,mes,3,1,3,2,,3193.1661188819094
I. SOLTEIRA,mes,3,1,3,3,,3196.7330727037643
I. SOLTEIRA,mes,3,1,3,4,,3200.3179300859047
I. SOLTEIRA,mes,3,1,3,5,,3201.6891760216686
I. SOLTEIRA,mes,3,1,4,1,,3195.091133147231
I. SOLTEIRA,mes,3,1,4,2,,3194.2192345558487
I. SOLTEIRA,mes,3,1,4,3,,3198.1052496991406
I. SOLTEIRA,mes,3,1,4,4,,3201.87489855013
I. SOLTEIRA,mes,3,1,4,5,,3203.243389624602
I. SOLTEIRA,mes,3,1,5,1,,3193.310140356613
I. SOLTEIRA,mes,3,1,5,2,,3191.963965004005
I. SOLTEIRA,mes,3,1,5,3,,3195.7045913709185
I. SOLTEIRA,mes,3,1,5,4,,3199.414976077781
I. SOLTEIRA,mes,3,1,5,5,,3200.6657933937163
I. SOLTEIRA,mes,3,2,1,1,,3213.9208385094203
I. SOLTEIRA,mes,3,2,1,2,,3206.4521145035483
I. SOLTEIRA,mes,3,2,1,3,,3212.198053497393
I. SOLTEIRA,mes,3,2,1,4,,3219.7448391381354
I. SOLTEIRA,mes,3,2,1,5,,3222.3149118475603
I. SOLTEIRA,mes,3,2,2,1,,3190.02767356172
I. SOLTEIRA,mes,3,2,2,2,,3178.678777839773
I. SOLTEIRA,mes,3,2,2,3,,3179.929106898614
I. SOLTEIRA,mes,3,2,2,4,,3182.4391597109516
I. SOLTEIRA,mes,3,2,2,5,,3185.111656688217
I. SOLTEIRA,mes,3,2,3,1,,3190.667142847778
I. SOLTEIRA,mes,3,2,3,2,,3178.2665335029733
I. SOLTEIRA,mes,3,2,3,3,,3179.600570423441
I. SOLTEIRA,mes,3,2,3,4,,3182.1071134303415
I. SOLTEIRA,mes,3,2,3,5,,3184.751085365764
I. SOLTEIRA,mes,3,2,4,1,,3190.0058372651993
I. SOLTEIRA,mes,3,2,4,2,,3178.955843108226
I. SOLTEIRA,mes,3,2,4,3,,3180.1981131931248
I. SOLTEIRA,mes,3,2,4,4,,3182.7765162622086
I. SOLTEIRA,mes,3,2,4,5,,3185.4943698736643
I. SOLTEIRA,mes,3,2,5,1,,3189.6099181543955
I. SOLTEIRA,mes,3,2,5,2,,3178.6192181636857
I. SOLTEIRA,mes,3,2,5,3,,3179.9236250455165
I. SOLTEIRA,mes,3,2,5,4,,3182.672776834654
I. SOLTEIRA,mes,3,2,5,5,,3185.384135016261
I. SOLTEIRA,mes,3,3,1,1,,3212.7893675845457
I. SOLTEIRA,mes,3,3,1,2,,3201.620312063224
I. SOLTEIRA,mes,3,3,1,3,,3208.5049679697377
I. SOLTEIRA,mes,3,3,1,4,,3216.078135273148
I. SOLTEIRA,mes,3,3,1,5,,3218.0781048935764
I. SOLTEIRA,mes,3,3,2,1,,3186.637237057407
I. SOLTEIRA,mes,3,3,2,2,,3172.411105401273
I. SOLTEIRA,mes,3,3,2,3,,3175.9191125327466
I. SOLTEIRA,mes,3,3,2,4,,3180.5992793481832
I. SOLTEIRA,mes,3,3,2,5,,3181.170238464454
I. SOLTEIRA,mes,3,3,3,1,,3187.524949834881
I. SOLTEIRA,mes,3,3,3,2,,3172.705663032617
I. SOLTEIRA,mes,3,3,3,3,,3176.027454496325
I. SOLTEIRA,mes,3,3,3,4,,3180.0914563811107
I. SOLTEIRA,mes,3,3,3,5,,3181.629496742042
I. SOLTEIRA,mes,3,3,4,1,,3186.9492856390625
I. SOLTEIRA,mes,3,3,4,2,,3174.789397223064
I. SOLTEIRA,mes,3,3,4,3,,3178.020988637044
I. SOLTEIRA,mes,3,3,4,4,,3182.0327159278327
I. SOLTEIRA,mes,3,3,4,5,,3183.6627039651685
I. SOLTEIRA,mes,3,3,5,1,,3186.472503261145
I. SOLTEIRA,mes,3,3,5,2,,3173.968997678828
I. SOLTEIRA,mes,3,3,5,3,,3177.1685843560876
I. SOLTEIRA,mes,3,3,5,4,,3181.2404286041883
I. SOLTEIRA,mes,3,3,5,5,,3183.11898523284
I. SOLTEIRA,mes,3,4,1,1,,3213.7607854603493
I. SOLTEIRA,mes,3,4,1,2,,3204.4296688308987
I. SOLTEIRA,mes,3,4,1,3,,3210.437485381175
I. SOLTEIRA,mes,3,4,1,4,,3216.874454477471
I. SOLTEIRA,mes,3,4,1,5,,3219.252668840203
I. SOLTEIRA,mes,3,4,2,1,,3189.8569399865996
I. SOLTEIRA,mes,3,4,2,2,,3177.2491591900007
I. SOLTEIRA,mes,3,4,2,3,,3179.3580593378592
I. SOLTEIRA,mes,3,4,2,4,,3183.127825904115
I. SOLTEIRA,mes,3,4,2,5,,3184.997020279931
I. SOLTEIRA,mes,3,4,3,1,,3191.5807221593436
I. SOLTEIRA,mes,3,4,3,2,,3176.3972156421196
I. SOLTEIRA,mes,3,4,3,3,,3178.6428253751387
I. SOLTEIRA,mes,3,4,3,4,,3182.069206214963
I. SOLTEIRA,mes,3,4,3,5,,3184.7248166317495
I. SOLTEIRA,mes,3,4,4,1,,3191.2787615872417
I. SOLTEIRA,mes,3,4,4,2,,3178.545947845623
I. SOLTEIRA,mes,3,4,4,3,,3180.621619783817
I. SOLTEIRA,mes,3,4,4,4,,3184.0434514847707
I. SOLTEIRA,mes,3,4,4,5,,3186.7271793036275
I. SOLTEIRA,mes,3,4,5,1,,3191.634993125945
I. SOLTEIRA,mes,3,4,5,2,,3179.1537904461334
I. SOLTEIRA,mes,3,4,5,3,,3181.027555625015
I. SOLTEIRA,mes,3,4,5,4,,3184.289065986139
I. SOLTEIRA,mes,3,4,5,5,,3187.6227901670613
I. SOLTEIRA,mes,3,5,1,1,,3207.4261096930586
I. SOLTEIRA,mes,3,5,1,2,,3195.601787573314
I. SOLTEIRA,mes,3,5,1,3,,3199.106697122429
I. SOLTEIRA,mes,3,5,1,4,,3205.0819688883325
I. SOLTEIRA,mes,3,5,1,5,,3208.685564226944
I. SOLTEIRA,mes,3,5,2,1,,3191.001158010311
I. SOLTEIRA,mes,3,5,2,2,,3177.9985298333195
I. SOLTEIRA,mes,3,5,2,3,,3180.3634638443355
I. SOLTEIRA,mes,3,5,2,4,,3184.543099909568
I. SOLTEIRA,mes,3,5,2,5,,3186.418615769964
I. SOLTEIRA,mes,3,5,3,1,,3191.4262308644034
I. SOLTEIRA,mes,3,5,3,2,,3176.6236697438017
I. SOLTEIRA,mes,3,5,3,3,,3179.0227050818144
I. SOLTEIRA,mes,3,5,3,4,,3182.962535965288
I. SOLTEIRA,mes,3,5,3,5,,3185.617875944231
I. SOLTEIRA,mes,3,5,4,1,,3190.7097624713842
I. SOLTEIRA,mes,3,5,4,2,,3178.671538605971
I. SOLTEIRA,mes,3,5,4,3,,3180.790161828099
I. SOLTEIRA,mes,3,5,4,4,,3184.785611408693
I. SOLTEIRA,mes,3,5,4,5,,3187.419190976783
I. SOLTEIRA,mes,3,5,5,1,,3192.251901934841
I. SOLTEIRA,mes,3,5,5,2,,3180.2547101992377
I. SOLTEIRA,mes,3,5,5,3,,3182.170767244946
I. SOLTEIRA,mes,3,5,5,4,,3185.705988593063
I. SOLTEIRA,mes,3,5,5,5,,3189.0333924964007
I. SOLTEIRA,mes,4,1,1,1,,3768.560622598519
I. SOLTEIRA,mes,4,1,1,2,,3772.560622598519
I. SOLTEIRA,mes,4,1,1,3,,3776.560622598519
I. SOLTEIRA,mes,4,1,1,4,,3780.560622598519
I. SOLTEIRA,mes,4,1,1,5,,3784.560622598519
I. SOLTEIRA,mes,4,1,2,1,,3751.086178209809
I. SOLTEIRA,mes,4,1,2,2,,3755.086178209809
I. SOLTEIRA,mes,4,1,2,3,,3759.086178209809
I. SOLTEIRA,mes,4,1,2,4,,3763.086178209809
I. SOLTEIRA,mes,4,1,2,5,,3767.0861782098095
I. SOLTEIRA,mes,4,1,3,1,,3751.2397840961385
I. SOLTEIRA,mes,4,1,3,2,,3755.2397840961385
I. SOLTEIRA,mes,4,1,3,3,,3759.2397840961385
I. SOLTEIRA,mes,4,1,3,4,,3763.2397840961385
I. SOLTEIRA,mes,4,1,3,5,,3767.2397840961385
I. SOLTEIRA,mes,4,1,4,1,,3752.4792267698663
I. SOLTEIRA,mes,4,1,4,2,,3756.4792267698663
I. SOLTEIRA,mes,4,1,4,3,,3760.4792267698663
I. SOLTEIRA,mes,4,1,4,4,,3764.4792267698663
I. SOLTEIRA,mes,4,1,4,5,,3768.4792267698663
I. SOLTEIRA,mes,4,1,5,1,,3750.0177275906426
I. SOLTEIRA,mes,4,1,5,2,,3754.0177275906426
I. SOLTEIRA,mes,4,1,5,3,,3758.0177275906426
I. SOLTEIRA,mes,4,1,5,4,,3762.0177275906426
I. SOLTEIRA,mes,4,1,5,5,,3766.0177275906426
I. SOLTEIRA,mes,4,2,1,1,,3755.136290372635
I. SOLTEIRA,mes,4,2,1,2,,3759.136290372635
I. SOLTEIRA,mes,4,2,1,3,,3763.136290372635
I. SOLTEIRA,mes,4,2,1,4,,3767.136290372635
I. SOLTEIRA,mes,4,2,1,5,,3771.136290372635
I. SOLTEIRA,mes,4,2,2,1,,3726.746898526922
I. SOLTEIRA,mes,4,2,2,2,,3730.746898526922
I. SOLTEIRA,mes,4,2,2,3,,3734.746898526922
I. SOLTEIRA,mes,4,2,2,4,,3738.746898526922
I. SOLTEIRA,mes,4,2,2,5,,3742.746898526922
I. SOLTEIRA,mes,4,2,3,1,,3726.530242882534
I. SOLTEIRA,mes,4,2,3,2,,3730.530242882534
I. SOLTEIRA,mes,4,2,3,3,,3734.530242882534
I. SOLTEIRA,mes,4,2,3,4,,3738.530242882534
I. SOLTEIRA,mes,4,2,3,5,,3742.530242882534
I. SOLTEIRA,mes,4,2,4,1,,3725.491764601675
I. SOLTEIRA,mes,4,2,4,2,,3729.491764601675
I. SOLTEIRA,mes,4,2,4,3,,3733.491764601675
I. SOLTEIRA,mes,4,2,4,4,,3737.491764601675
I. SOLTEIRA,mes,4,2,4,5,,3741.491764601675
I. SOLTEIRA,mes,4,2,5,1,,3724.388652480364
I. SOLTEIRA,mes,4,2,5,2,,3728.388652480364
I. SOLTEIRA,mes,4,2,5,3,,3732.388652480364
I. SOLTEIRA,mes,4,2,5,4,,3736.388652480364
I. SOLTEIRA,mes,4,2,5,5,,3740.3886524803643
I. SOLTEIRA,mes,4,3,1,1,,3738.7091272803714
I. SOLTEIRA,mes,4,3,1,2,,3742.7091272803714
I. SOLTEIRA,mes,4,3,1,3,,3746.709127280372
I. SOLTEIRA,mes,4,3,1,4,,3750.709127280372
I. SOLTEIRA,mes,4,3,1,5,,3754.709127280372
I. SOLTEIRA,mes,4,3,2,1,,3712.9649988240785
I. SOLTEIRA,mes,4,3,2,2,,3716.9649988240785
I. SOLTEIRA,mes,4,3,2,3,,3720.9649988240785
I. SOLTEIRA,mes,4,3,2,4,,3724.9649988240785
I. SOLTEIRA,mes,4,3,2,5,,3728.9649988240785
I. SOLTEIRA,mes,4,3,3,1,,3716.315567870697
I. SOLTEIRA,mes,4,3,3,2,,3720.315567870697
I. SOLTEIRA,mes,4,3,3,3,,3724.315567870697
I. SOLTEIRA,mes,4,3,3,4,,3728.315567870697
I. SOLTEIRA,mes,4,3,3,5,,3732.315567870697
I. SOLTEIRA,mes,4,3,4,1,,3716.9620526871577
I. SOLTEIRA,mes,4,3,4,2,,3720.962052687158
I. SOLTEIRA,mes,4,3,4,3,,3724.962052687158
I. SOLTEIRA,mes,4,3,4,4,,3728.962052687158
I. SOLTEIRA,mes,4,3,4,5,,3732.962052687158
I. SOLTEIRA,mes,4,3,5,1,,3715.6074337839755
I. SOLTEIRA,mes,4,3,5,2,,3719.6074337839755
I. SOLTEIRA,mes,4,3,5,3,,3723.6074337839755
I. SOLTEIRA,mes,4,3,5,4,,3727.6074337839755
I. SOLTEIRA,mes,4,3,5,5,,3731.6074337839755
I. SOLTEIRA,mes,4,4,1,1,,3732.4500380202376
I. SOLTEIRA,mes,4,4,1,2,,3736.4500380202376
I. SOLTEIRA,mes,4,4,1,3,,3740.4500380202376
I. SOLTEIRA,mes,4,4,1,4,,3744.4500380202376
I. SOLTEIRA,mes,4,4,1,5,,3748.450038020238
I. SOLTEIRA,mes,4,4,2,1,,3698.669279420853
I. SOLTEIRA,mes,4,4,2,2,,3702.6692794208534
I. SOLTEIRA,mes,4,4,2,3,,3706.669279420853
I. SOLTEIRA,mes,4,4,2,4,,3710.669279420853
I. SOLTEIRA,mes,4,4,2,5,,3714.6692794208534
I. SOLTEIRA,mes,4,4,3,1,,3703.717067598858
I. SOLTEIRA,mes,4,4,3,2,,3707.717067598858
I. SOLTEIRA,mes,4,4,3,3,,3711.717067598858
I. SOLTEIRA,mes,4,4,3,4,,3715.717067598858
I. SOLTEIRA,mes,4,4,3,5,,3719.717067598858
I. SOLTEIRA,mes,4,4,4,1,,3703.803862891843
I. SOLTEIRA,mes,4,4,4,2,,3707.803862891843
I. SOLTEIRA,mes,4,4,4,3,,3711.803862891843
I. SOLTEIRA,mes,4,4,4,4,,3715.803862891843
I. SOLTEIRA,mes,4,4,4,5,,3719.8038628918434
I. SOLTEIRA,mes,4,4,5,1,,3704.40060931215
I. SOLTEIRA,mes,4,4,5,2,,3708.40060931215
I. SOLTEIRA,mes,4,4,5,3,,3712.40060931215
I. SOLTEIRA,mes,4,4,5,4,,3716.40060931215
I. SOLTEIRA,mes,4,4,5,5,,3720.4006093121507
I. SOLTEIRA,mes,4,5,1,1,,3714.9835485392177
I. SOLTEIRA,mes,4,5,1,2,,3718.9835485392186
I. SOLTEIRA,mes,4,5,1,3,,3722.9835485392186
I. SOLTEIRA,mes,4,5,1,4,,3726.9835485392186
I. SOLTEIRA,mes,4,5,1,5,,3730.9835485392186
I. SOLTEIRA,mes,4,5,2,1,,3687.1769403117187
I. SOLTEIRA,mes,4,5,2,2,,3691.1769403117187
I. SOLTEIRA,mes,4,5,2,3,,3695.1769403117187
I. SOLTEIRA,mes,4,5,2,4,,3699.1769403117187
I. SOLTEIRA,mes,4,5,2,5,,3703.176940311719
I. SOLTEIRA,mes,4,5,3,1,,3695.1241928494414
I. SOLTEIRA,mes,4,5,3,2,,3699.1241928494414
I. SOLTEIRA,mes,4,5,3,3,,3703.1241928494414
I. SOLTEIRA,mes,4,5,3,4,,3707.1241928494414
I. SOLTEIRA,mes,4,5,3,5,,3711.1241928494414
I. SOLTEIRA,mes,4,5,4,1,,3698.2675417651585
I. SOLTEIRA,mes,4,5,4,2,,3702.2675417651585
I. SOLTEIRA,mes,4,5,4,3,,3706.2675417651585
I. SOLTEIRA,mes,4,5,4,4,,3710.2675417651585
I. SOLTEIRA,mes,4,5,4,5,,3714.2675417651585
I. SOLTEIRA,mes,4,5,5,1,,3697.9757261446384
I. SOLTEIRA,mes,4,5,5,2,,3701.975726144639
I. SOLTEIRA,mes,4,5,5,3,,3705.975726144639
I. SOLTEIRA,mes,4,5,5,4,,3709.975726144639
I. SOLTEIRA,mes,4,5,5,5,,3713.975726144639
TUCURUI,dia,1,1,1,0,,96186.17798527164
TUCURUI,dia,1,1,2,0,,95488.63045822145
TUCURUI,dia,1,1,3,0,,95352.46785835516
TUCURUI,dia,1,1,4,0,,95316.6211659313
TUCURUI,dia,1,1,5,0,,95303.19913575712
TUCURUI,dia,1,2,1,0,,90170.84348442608
TUCURUI,dia,1,2,2,0,,90023.16118487658
TUCURUI,dia,1,2,3,0,,89998.68824175245
TUCURUI,dia,1,2,4,0,,89994.77168364827
TUCURUI,dia,1,2,5,0,,89995.3395505118
TUCURUI,dia,1,3,1,0,,89974.60127565506
TUCURUI,dia,1,3,2,0,,89851.10054177203
TUCURUI,dia,1,3,3,0,,89832.38833528053
TUCURUI,dia,1,3,4,0,,89830.48237200128
TUCURUI,dia,1,3,5,0,,89831.78836653079
TUCURUI,dia,1,4,1,0,,89967.0792324888
TUCURUI,dia,1,4,2,0,,89841.55377662153
TUCURUI,dia,1,4,3,0,,89822.283842884
TUCURUI,dia,1,4,4,0,,89819.87769619543
TUCURUI,dia,1,4,5,0,,89821.11712616494
TUCURUI,dia,1,5,1,0,,89950.93464203486
TUCURUI,dia,1,5,2,0,,89817.26201206341
TUCURUI,dia,1,5,3,0,,89795.7063808304
TUCURUI,dia,1,5,4,0,,89792.45044131276
TUCURUI,dia,1,5,5,0,,89793.39588651371
TUCURUI,dia,2,1,1,0,,113232.14680702264
TUCURUI,dia,2,1,2,0,,112427.81706075835
TUCURUI,dia,2,1,3,0,,112252.78604680779
TUCURUI,dia,2,1,4,0,,112211.53680947219
TUCURUI,dia,2,1,5,0,,112191.97992099632
TUCURUI,dia,2,2,1,0,,106345.30862810029
TUCURUI,dia,2,2,2,0,,106106.60423594248
TUCURUI,dia,2,2,3,0,,105995.41476577171
TUCURUI,dia,2,2,4,0,,105983.0388221777
TUCURUI,dia,2,2,5,0,,105959.4723326856
TUCURUI,dia,2,3,1,0,,105449.09313057242
TUCURUI,dia,2,3,2,0,,105231.15679461742
TUCURUI,dia,2,3,3,0,,105148.63685581951
TUCURUI,dia,2,3,4,0,,105147.39628371205
TUCURUI,dia,2,3,5,0,,105127.28139520819
TUCURUI,dia,2,4,1,0,,104790.55330359432
TUCURUI,dia,2,4,2,0,,104566.44993873198
TUCURUI,dia,2,4,3,0,,104514.07683272033
TUCURUI,dia,2,4,4,0,,104500.21106520297
TUCURUI,dia,2,4,5,0,,104487.67663644796
TUCURUI,dia,2,5,1,0,,103970.36819609109
TUCURUI,dia,2,5,2,0,,103764.03462717791
TUCURUI,dia,2,5,3,0,,103721.02627585489
TUCURUI,dia,2,5,4,0,,103701.97049445976
TUCURUI,dia,2,5,5,0,,103696.95730399029
TUCURUI,dia,3,1,1,1,,407930.98930129124
TUCURUI,dia,3,1,1,2,,407322.76682673494
TUCURUI,dia,3,1,1,3,,373872.47518777713
TUCURUI,dia,3,1,1,4,,96742.34927289574
TUCURUI,dia,3,1,1,5,,104934.50360935852
TUCURUI,dia,3,1,2,1,,388565.1992713038
TUCURUI,dia,3,1,2,2,,385123.55648743385
TUCURUI,dia,3,1,2,3,,393660.43963678076
TUCURUI,dia,3,1,2,4,,95400.86727154994
TUCURUI,dia,3,1,2,5,,96600.79479084059
TUCURUI,dia,3,1,3,1,,378233.1555268345
TUCURUI,dia,3,1,3,2,,380425.6937934017
TUCURUI,dia,3,1,3,3,,340047.51023514435
TUCURUI,dia,3,1,3,4,,95545.26001607125
TUCURUI,dia,3,1,3,5,,97435.10702053075
TUCURUI,dia,3,1,4,1,,377498.9028707747
TUCURUI,dia,3,1,4,2,,373590.02484756283
TUCURUI,dia,3,1,4,3,,369833.08380079444
TUCURUI,dia,3,1,4,4,,95591.80778252843
TUCURUI,dia,3,1,4,5,,98171.90003120298
TUCURUI,dia,3,1,5,1,,327952.5818193008
TUCURUI,dia,3,1,5,2,,347278.75276948523
TUCURUI,dia,3,1,5,3,,355442.9584728484
TUCURUI,dia,3,1,5,4,,95615.26553344131
TUCURUI,dia,3,1,5,5,,98903.72320245652
TUCURUI,dia,3,2,1,1,,408455.37405225215
TUCURUI,dia,3,2,1,2,,407904.42341380724
TUCURUI,dia,3,2,1,3,,375053.07470053376
TUCURUI,dia,3,2,1,4,,90834.69694781998
TUCURUI,dia,3,2,1,5,,110356.28067924973
TUCURUI,dia,3,2,2,1,,388756.99286491703
TUCURUI,dia,3,2,2,2,,385538.72257803124
TUCURUI,dia,3,2,2,3,,394528.04245759576
TUCURUI,dia,3,2,2,4,,93224.04866690455
TUCURUI,dia,3,2,2,5,,94886.23428602361
TUCURUI,dia,3,2,3,1,,377560.50671384006
TUCURUI,dia,3,2,3,2,,380107.9036230342
TUCURUI,dia,3,2,3,3,,340628.59139155573
TUCURUI,dia,3,2,3,4,,94765.00984778964
TUCURUI,dia,3,2,3,5,,96685.31242692228
TUCURUI,dia,3,2,4,1,,376645.7197581796
TUCURUI,dia,3,2,4,2,,373202.2184281366
TUCURUI,dia,3,2,4,3,,370412.3471652586
TUCURUI,dia,3,2,4,4,,94948.3490165208
TUCURUI,dia,3,2,4,5,,97917.06624925505
TUCURUI,dia,3,2,5,1,,327527.0776014068
TUCURUI,dia,3,2,5,2,,346988.3958690888
TUCURUI,dia,3,2,5,3,,355909.64635294495
TUCURUI,dia,3,2,5,4,,95072.19225874834
TUCURUI,dia,3,2,5,5,,98932.3267100097
TUCURUI,dia,3,3,1,1,,408974.1579922513
TUCURUI,dia,3,3,1,2,,408288.25716463366
TUCURUI,dia,3,3,1,3,,376182.0350141321
TUCURUI,dia,3,3,1,4,,90626.4187996544
TUCURUI,dia,3,3,1,5,,102036.94178872331
TUCURUI,dia,3,3,2,1,,388987.4443277764
TUCURUI,dia,3,3,2,2,,385677.5274994914
TUCURUI,dia,3,3,2,3,,395358.3371804127
TUCURUI,dia,3,3,2,4,,92878.19165657593
TUCURUI,dia,3,3,2,5,,95922.90151119919
TUCURUI,dia,3,3,3,1,,376483.73153510806
TUCURUI,dia,3,3,3,2,,379545.1023226885
TUCURUI,dia,3,3,3,3,,340750.06869849074
TUCURUI,dia,3,3,3,4,,95147.16523863682
TUCURUI,dia,3,3,3,5,,97360.79999723643
TUCURUI,dia,3,3,4,1,,375423.06491914304
TUCURUI,dia,3,3,4,2,,372293.2157812948
TUCURUI,dia,3,3,4,3,,370612.5365804418
TUCURUI,dia,3,3,4,4,,95411.87511156983
TUCURUI,dia,3,3,4,5,,98511.25063809569
TUCURUI,dia,3,3,5,1,,327196.7715629953
TUCURUI,dia,3,3,5,2,,346076.4623589007
TUCURUI,dia,3,3,5,3,,356001.3939281433
TUCURUI,dia,3,3,5,4,,95613.12331601695
TUCURUI,dia,3,3,5,5,,99403.38760337132
TUCURUI,dia,3,4,1,1,,409540.4234861266
TUCURUI,dia,3,4,1,2,,409027.7805987482
TUCURUI,dia,3,4,1,3,,377275.6335132711
TUCURUI,dia,3,4,1,4,,91615.7259115448
TUCURUI,dia,3,4,1,5,,100263.6503664615
TUCURUI,dia,3,4,2,1,,389255.21822546853
TUCURUI,dia,3,4,2,2,,385904.5400220276
TUCURUI,dia,3,4,2,3,,396177.7966424173
TUCURUI,dia,3,4,2,4,,92431.85698938632
TUCURUI,dia,3,4,2,5,,95713.55053007918
TUCURUI,dia,3,4,3,1,,376499.26948559645
TUCURUI,dia,3,4,3,2,,379849.0564774868
TUCURUI,dia,3,4,3,3,,341323.7357645006
TUCURUI,dia,3,4,3,4,,94564.62053749013
TUCURUI,dia,3,4,3,5,,97267.25159261735
TUCURUI,dia,3,4,4,1,,375116.06253626716
TUCURUI,dia,3,4,4,2,,372453.879063519
TUCURUI,dia,3,4,4,3,,371390.61592319683
TUCURUI,dia,3,4,4,4,,94870.04119437454
TUCURUI,dia,3,4,4,5,,98259.92273272644
TUCURUI,dia,3,4,5,1,,327064.35662399
TUCURUI,dia,3,4,5,2,,346107.8009246439
TUCURUI,dia,3,4,5,3,,356668.3756131032
TUCURUI,dia,3,4,5,4,,95100.11942150458
TUCURUI,dia,3,4,5,5,,99152.68164944266
TUCURUI,dia,3,5,1,1,,410184.4321830003
TUCURUI,dia,3,5,1,2,,409482.6690342977
TUCURUI,dia,3,5,1,3,,378104.4477330825
TUCURUI,dia,3,5,1,4,,92531.07786836538
TUCURUI,dia,3,5,1,5,,102020.21000095802
TUCURUI,dia,3,5,2,1,,390398.33786028746
TUCURUI,dia,3,5,2,2,,386466.60408013186
TUCURUI,dia,3,5,2,3,,396825.1965326465
TUCURUI,dia,3,5,2,4,,92808.18900529193
TUCURUI,dia,3,5,2,5,,95771.25151353312
TUCURUI,dia,3,5,3,1,,377391.98863306746
TUCURUI,dia,3,5,3,2,,381055.3345453191
TUCURUI,dia,3,5,3,3,,341620.2180247848
TUCURUI,dia,3,5,3,4,,94451.38662188603
TUCURUI,dia,3,5,3,5,,97475.77932879455
TUCURUI,dia,3,5,4,1,,376278.8820009051
TUCURUI,dia,3,5,4,2,,373473.59725261986
TUCURUI,dia,3,5,4,3,,372127.09874216816
TUCURUI,dia,3,5,4,4,,94734.91587710961
TUCURUI,dia,3,5,4,5,,98385.85916682355
TUCURUI,dia,3,5,5,1,,329110.58614749677
TUCURUI,dia,3,5,5,2,,346874.37182278367
TUCURUI,dia,3,5,5,3,,357197.0968048261
TUCURUI,dia,3,5,5,4,,94943.0029757758
TUCURUI,dia,3,5,5,5,,99278.23174109764
TUCURUI,dia,4,1,1,1,,113237.14674994066
TUCURUI,dia,4,1,1,2,,113241.14674994066
TUCURUI,dia,4,1,1,3,,113245.14674994064
TUCURUI,dia,4,1,1,4,,113249.14674994066
TUCURUI,dia,4,1,1,5,,113253.14674994064
TUCURUI,dia,4,1,2,1,,112432.81700367636
TUCURUI,dia,4,1,2,2,,112436.81700367638
TUCURUI,dia,4,1,2,3,,112440.81700367638
TUCURUI,dia,4,1,2,4,,112444.81700367638
TUCURUI,dia,4,1,2,5,,112448.81700367636
TUCURUI,dia,4,1,3,1,,112257.78598972582
TUCURUI,dia,4,1,3,2,,112261.78598972582
TUCURUI,dia,4,1,3,3,,112265.78598972582
TUCURUI,dia,4,1,3,4,,112269.78598972582
TUCURUI,dia,4,1,3,5,,112273.78598972582
TUCURUI,dia,4,1,4,1,,112216.53675239022
TUCURUI,dia,4,1,4,2,,112220.53675239022
TUCURUI,dia,4,1,4,3,,112224.53675239021
TUCURUI,dia,4,1,4,4,,112228.53675239022
TUCURUI,dia,4,1,4,5,,112232.53675239022
TUCURUI,dia,4,1,5,1,,112196.97986391436
TUCURUI,dia,4,1,5,2,,112200.97986391436
TUCURUI,dia,4,1,5,3,,112204.97986391434
TUCURUI,dia,4,1,5,4,,112208.97986391436
TUCURUI,dia,4,1,5,5,,112212.97986391436
TUCURUI,dia,4,2,1,1,,106349.30839975501
TUCURUI,dia,4,2,1,2,,106353.30839975497
TUCURUI,dia,4,2,1,3,,106357.30839975494
TUCURUI,dia,4,2,1,4,,106361.30839975497
TUCURUI,dia,4,2,1,5,,106365.308399755
TUCURUI,dia,4,2,2,1,,106110.6040075972
TUCURUI,dia,4,2,2,2,,106114.60400759718
TUCURUI,dia,4,2,2,3,,106118.60400759721
TUCURUI,dia,4,2,2,4,,106122.60400759721
TUCURUI,dia,4,2,2,5,,106126.60400759718
TUCURUI,dia,4,2,3,1,,105999.41453742645
TUCURUI,dia,4,2,3,2,,106003.41453742643
TUCURUI,dia,4,2,3,3,,106007.41453742638
TUCURUI,dia,4,2,3,4,,106011.41453742643
TUCURUI,dia,4,2,3,5,,106015.41453742643
TUCURUI,dia,4,2,4,1,,105987.0385938324
TUCURUI,dia,4,2,4,2,,105991.03859383239
TUCURUI,dia,4,2,4,3,,105995.03859383236
TUCURUI,dia,4,2,4,4,,105999.0385938324
TUCURUI,dia,4,2,4,5,,106003.0385938324
TUCURUI,dia,4,2,5,1,,105963.47210434031
TUCURUI,dia,4,2,5,2,,105967.4721043403
TUCURUI,dia,4,2,5,3,,105971.47210434028
TUCURUI,dia,4,2,5,4,,105975.47210434031
TUCURUI,dia,4,2,5,5,,105979.47210434031
TUCURUI,dia,4,3,1,1,,105452.0926167565
TUCURUI,dia,4,3,1,2,,105456.09261675646
TUCURUI,dia,4,3,1,3,,105460.09261675652
TUCURUI,dia,4,3,1,4,,105464.09261675643
TUCURUI,dia,4,3,1,5,,105468.09261675643
TUCURUI,dia,4,3,2,1,,105234.15628080146
TUCURUI,dia,4,3,2,2,,105238.15628080144
TUCURUI,dia,4,3,2,3,,105242.15628080153
TUCURUI,dia,4,3,2,4,,105246.15628080146
TUCURUI,dia,4,3,2,5,,105250.15628080143
TUCURUI,dia,4,3,3,1,,105151.63634200358
TUCURUI,dia,4,3,3,2,,105155.63634200356
TUCURUI,dia,4,3,3,3,,105159.63634200352
TUCURUI,dia,4,3,3,4,,105163.63634200356
TUCURUI,dia,4,3,3,5,,105167.63634200353
TUCURUI,dia,4,3,4,1,,105150.39576989609
TUCURUI,dia,4,3,4,2,,105154.39576989607
TUCURUI,dia,4,3,4,3,,105158.39576989601
TUCURUI,dia,4,3,4,4,,105162.39576989607
TUCURUI,dia,4,3,4,5,,105166.39576989607
TUCURUI,dia,4,3,5,1,,105130.28088139225
TUCURUI,dia,4,3,5,2,,105134.28088139222
TUCURUI,dia,4,3,5,3,,105138.28088139219
TUCURUI,dia,4,3,5,4,,105142.28088139223
TUCURUI,dia,4,3,5,5,,105146.28088139222
TUCURUI,dia,4,4,1,1,,104792.55239007423
TUCURUI,dia,4,4,1,2,,104796.55239007412
TUCURUI,dia,4,4,1,3,,104800.55239007418
TUCURUI,dia,4,4,1,4,,104804.55239007414
TUCURUI,dia,4,4,1,5,,104808.55239007414
TUCURUI,dia,4,4,2,1,,104568.44902521187
TUCURUI,dia,4,4,2,2,,104572.4490252118
TUCURUI,dia,4,4,2,3,,104576.44902521188
TUCURUI,dia,4,4,2,4,,104580.44902521184
TUCURUI,dia,4,4,2,5,,104584.4490252118
TUCURUI,dia,4,4,3,1,,104516.0759192002
TUCURUI,dia,4,4,3,2,,104520.07591920019
TUCURUI,dia,4,4,3,3,,104524.07591920013
TUCURUI,dia,4,4,3,4,,104528.07591920017
TUCURUI,dia,4,4,3,5,,104532.07591920017
TUCURUI,dia,4,4,4,1,,104502.21015168284
TUCURUI,dia,4,4,4,2,,104506.21015168281
TUCURUI,dia,4,4,4,3,,104510.21015168277
TUCURUI,dia,4,4,4,4,,104514.21015168281
TUCURUI,dia,4,4,4,5,,104518.2101516828
TUCURUI,dia,4,4,5,1,,104489.67572292784
TUCURUI,dia,4,4,5,2,,104493.6757229278
TUCURUI,dia,4,4,5,3,,104497.67572292774
TUCURUI,dia,4,4,5,4,,104501.67572292782
TUCURUI,dia,4,4,5,5,,104505.6757229278
TUCURUI,dia,4,5,1,1,,103971.36676860724
TUCURUI,dia,4,5,1,2,,103975.36676860721
TUCURUI,dia,4,5,1,3,,103979.36676860713
TUCURUI,dia,4,5,1,4,,103983.36676860716
TUCURUI,dia,4,5,1,5,,103987.36676860721
TUCURUI,dia,4,5,2,1,,103765.03319969404
TUCURUI,dia,4,5,2,2,,103769.03319969404
TUCURUI,dia,4,5,2,3,,103773.03319969396
TUCURUI,dia,4,5,2,4,,103777.03319969398
TUCURUI,dia,4,5,2,5,,103781.03319969395
TUCURUI,dia,4,5,3,1,,103722.02484837102
TUCURUI,dia,4,5,3,2,,103726.024848371
TUCURUI,dia,4,5,3,3,,103730.02484837091
TUCURUI,dia,4,5,3,4,,103734.02484837096
TUCURUI,dia,4,5,3,5,,103738.02484837096
TUCURUI,dia,4,5,4,1,,103702.96906697591
TUCURUI,dia,4,5,4,2,,103706.96906697586
TUCURUI,dia,4,5,4,3,,103710.96906697583
TUCURUI,dia,4,5,4,4,,103714.96906697584
TUCURUI,dia,4,5,4,5,,103718.96906697584
TUCURUI,dia,4,5,5,1,,103697.95587650644
TUCURUI,dia,4,5,5,2,,103701.95587650641
TUCURUI,dia,4,5,5,3,,103705.95587650634
TUCURUI,dia,4,5,5,4,,103709.95587650638
TUCURUI,dia,4,5,5,5,,103713.95587650638
TUCURUI,sem,1,1,1,0,,17533.843715698957
TUCURUI,sem,1,1,2,0,,17293.101331629132
TUCURUI,sem,1,1,3,0,,17250.38739039598
TUCURUI,sem,1,1,4,0,,17239.874502708637
TUCURUI,sem,1,1,5,0,,17238.34845555513
TUCURUI,sem,1,2,1,0,,17233.924012487
TUCURUI,sem,1,2,2,0,,17120.981093193863
TUCURUI,sem,1,2,3,0,,17102.20954920789
TUCURUI,sem,1,2,4,0,,17098.942143618453
TUCURUI,sem,1,2,5,0,,17099.88234054445
TUCURUI,sem,1,3,1,0,,17232.056701933954
TUCURUI,sem,1,3,2,0,,17099.0494708592
TUCURUI,sem,1,3,3,0,,17073.0961559158
TUCURUI,sem,1,3,4,0,,17067.525137017117
TUCURUI,sem,1,3,5,0,,17067.929275197803
TUCURUI,sem,1,4,1,0,,17172.90791306324
TUCURUI,sem,1,4,2,0,,17078.992691409778
TUCURUI,sem,1,4,3,0,,17058.818384036986
TUCURUI,sem,1,4,4,0,,17054.10492163643
TUCURUI,sem,1,4,5,0,,17054.349937199728
TUCURUI,sem,1,5,1,0,,17167.569093275575
TUCURUI,sem,1,5,2,0,,17078.563604974373
TUCURUI,sem,1,5,3,0,,17057.445253841135
TUCURUI,sem,1,5,4,0,,17052.712697922296
TUCURUI,sem,1,5,5,0,,17053.318101533456
TUCURUI,sem,2,1,1,0,,19922.72944955856
TUCURUI,sem,2,1,2,0,,19666.018103225968
TUCURUI,sem,2,1,3,0,,19615.837991975204
TUCURUI,sem,2,1,4,0,,19604.013867686328
TUCURUI,sem,2,1,5,0,,19602.47139563092
TUCURUI,sem,2,2,1,0,,19574.628273169244
TUCURUI,sem,2,2,2,0,,19482.925273751312
TUCURUI,sem,2,2,3,0,,19461.937843538628
TUCURUI,sem,2,2,4,0,,19457.725891631908
TUCURUI,sem,2,2,5,0,,19457.71161749372
TUCURUI,sem,2,3,1,0,,19499.554442040346
TUCURUI,sem,2,3,2,0,,19385.37227362147
TUCURUI,sem,2,3,3,0,,19364.857636602253
TUCURUI,sem,2,3,4,0,,19356.75325816132
TUCURUI,sem,2,3,5,0,,19356.033861673408
TUCURUI,sem,2,4,1,0,,19412.605260136377
TUCURUI,sem,2,4,2,0,,19325.204545685367
TUCURUI,sem,2,4,3,0,,19306.670039296267
TUCURUI,sem,2,4,4,0,,19297.675250600292
TUCURUI,sem,2,4,5,0,,19297.087561299588
TUCURUI,sem,2,5,1,0,,19302.222467500607
TUCURUI,sem,2,5,2,0,,19229.18095210554
TUCURUI,sem,2,5,3,0,,19206.367143029453
TUCURUI,sem,2,5,4,0,,19203.769862539873
TUCURUI,sem,2,5,5,0,,19200.42574345704
TUCURUI,sem,3,1,1,1,,63170.19784240498
TUCURUI,sem,3,1,1,2,,63066.85411720065
TUCURUI,sem,3,1,1,3,,58403.407155679044
TUCURUI,sem,3,1,1,4,,17842.575202933058
TUCURUI,sem,3,1,1,5,,63411.400512208216
TUCURUI,sem,3,1,2,1,,59900.55143235812
TUCURUI,sem,3,1,2,2,,58885.77890953387
TUCURUI,sem,3,1,2,3,,60878.36745134304
TUCURUI,sem,3,1,2,4,,17277.22800435116
TUCURUI,sem,3,1,2,5,,58639.68285304552
TUCURUI,sem,3,1,3,1,,57254.531996786885
TUCURUI,sem,3,1,3,2,,57815.417863644936
TUCURUI,sem,3,1,3,3,,53201.33227574679
TUCURUI,sem,3,1,3,4,,17233.782624169755
TUCURUI,sem,3,1,3,5,,57147.040000599416
TUCURUI,sem,3,1,4,1,,56473.61128886004
TUCURUI,sem,3,1,4,2,,56171.75442160242
TUCURUI,sem,3,1,4,3,,57215.2000750115
TUCURUI,sem,3,1,4,4,,17219.922460800382
TUCURUI,sem,3,1,4,5,,56442.53780809923
TUCURUI,sem,3,1,5,1,,51615.08440176592
TUCURUI,sem,3,1,5,2,,53104.573809086076
TUCURUI,sem,3,1,5,3,,54936.198472872566
TUCURUI,sem,3,1,5,4,,17213.645435624185
TUCURUI,sem,3,1,5,5,,48270.878097824105
TUCURUI,sem,3,2,1,1,,63623.89391123497
TUCURUI,sem,3,2,1,2,,63531.62038645563
TUCURUI,sem,3,2,1,3,,58446.74081878503
TUCURUI,sem,3,2,1,4,,17829.595021334077
TUCURUI,sem,3,2,1,5,,63462.86518223704
TUCURUI,sem,3,2,2,1,,60400.91043899609
TUCURUI,sem,3,2,2,2,,59455.783534266135
TUCURUI,sem,3,2,2,3,,61609.23702000875
TUCURUI,sem,3,2,2,4,,17291.15065283804
TUCURUI,sem,3,2,2,5,,58678.25450765587
TUCURUI,sem,3,2,3,1,,57526.085865840505
TUCURUI,sem,3,2,3,2,,58084.234636515095
TUCURUI,sem,3,2,3,3,,53831.627370687536
TUCURUI,sem,3,2,3,4,,17135.51326107788
TUCURUI,sem,3,2,3,5,,57171.85915911489
TUCURUI,sem,3,2,4,1,,56581.754769116145
TUCURUI,sem,3,2,4,2,,56346.14076515879
TUCURUI,sem,3,2,4,3,,57895.01013714635
TUCURUI,sem,3,2,4,4,,17131.03320991854
TUCURUI,sem,3,2,4,5,,56460.802231357964
TUCURUI,sem,3,2,5,1,,51624.7688267473
TUCURUI,sem,3,2,5,2,,53244.80900419774
TUCURUI,sem,3,2,5,3,,55674.58799521588
TUCURUI,sem,3,2,5,4,,17138.40890768199
TUCURUI,sem,3,2,5,5,,48273.29350293933
TUCURUI,sem,3,3,1,1,,63989.65117874011
TUCURUI,sem,3,3,1,2,,63915.44205390155
TUCURUI,sem,3,3,1,3,,58456.82083197036
TUCURUI,sem,3,3,1,4,,17805.687406520603
TUCURUI,sem,3,3,1,5,,63514.93796029828
TUCURUI,sem,3,3,2,1,,60774.373973984635
TUCURUI,sem,3,3,2,2,,59894.79046457924
TUCURUI,sem,3,3,2,3,,61036.171710389724
TUCURUI,sem,3,3,2,4,,17284.446295148522
TUCURUI,sem,3,3,2,5,,58717.006462931044
TUCURUI,sem,3,3,3,1,,57845.80606181095
TUCURUI,sem,3,3,3,2,,58322.84911153007
TUCURUI,sem,3,3,3,3,,53753.572211567116
TUCURUI,sem,3,3,3,4,,17106.715608795683
TUCURUI,sem,3,3,3,5,,57196.55724378558
TUCURUI,sem,3,3,4,1,,56824.81678796353
TUCURUI,sem,3,3,4,2,,56491.74648361037
TUCURUI,sem,3,3,4,3,,57422.784704352256
TUCURUI,sem,3,3,4,4,,17091.812015275602
TUCURUI,sem,3,3,4,5,,56478.857480791434
TUCURUI,sem,3,3,5,1,,51870.268454450124
TUCURUI,sem,3,3,5,2,,53381.58564171579
TUCURUI,sem,3,3,5,3,,55347.438197965006
TUCURUI,sem,3,3,5,4,,17105.291065254536
TUCURUI,sem,3,3,5,5,,48275.43273923979
TUCURUI,sem,3,4,1,1,,64315.9505180088
TUCURUI,sem,3,4,1,2,,64233.220971438896
TUCURUI,sem,3,4,1,3,,58470.36947112977
TUCURUI,sem,3,4,1,4,,17990.863032604535
TUCURUI,sem,3,4,1,5,,63567.62816158678
TUCURUI,sem,3,4,2,1,,60954.487774235655
TUCURUI,sem,3,4,2,2,,60046.620938602275
TUCURUI,sem,3,4,2,3,,61477.363211010445
TUCURUI,sem,3,4,2,4,,17273.511304277974
TUCURUI,sem,3,4,2,5,,58755.94025719924
TUCURUI,sem,3,4,3,1,,58053.78177060834
TUCURUI,sem,3,4,3,2,,58612.22974841953
TUCURUI,sem,3,4,3,3,,53853.7766929465
TUCURUI,sem,3,4,3,4,,17103.2330510208
TUCURUI,sem,3,4,3,5,,57221.1425639317
TUCURUI,sem,3,4,4,1,,57170.297990774874
TUCURUI,sem,3,4,4,2,,56734.07992965987
TUCURUI,sem,3,4,4,3,,57763.34328884209
TUCURUI,sem,3,4,4,4,,17091.240820600753
TUCURUI,sem,3,4,4,5,,56496.718896951745
TUCURUI,sem,3,4,5,1,,53073.47003829941
TUCURUI,sem,3,4,5,2,,53641.354115176684
TUCURUI,sem,3,4,5,3,,55646.34806404418
TUCURUI,sem,3,4,5,4,,17104.539469517847
TUCURUI,sem,3,4,5,5,,48277.33373277047
TUCURUI,sem,3,5,1,1,,64587.90828280487
TUCURUI,sem,3,5,1,2,,64456.55771428668
TUCURUI,sem,3,5,1,3,,58483.465095590036
TUCURUI,sem,3,5,1,4,,17996.299846749505
TUCURUI,sem,3,5,1,5,,63621.08715636658
TUCURUI,sem,3,5,2,1,,60778.87360880227
TUCURUI,sem,3,5,2,2,,59962.387173184514
TUCURUI,sem,3,5,2,3,,61172.93612079304
TUCURUI,sem,3,5,2,4,,17286.7766694226
TUCURUI,sem,3,5,2,5,,58795.16342600842
TUCURUI,sem,3,5,3,1,,57825.57590603483
TUCURUI,sem,3,5,3,2,,58624.21331142687
TUCURUI,sem,3,5,3,3,,53807.73819765805
TUCURUI,sem,3,5,3,4,,17102.19550415877
TUCURUI,sem,3,5,3,5,,57245.69184672957
TUCURUI,sem,3,5,4,1,,56961.42424922185
TUCURUI,sem,3,5,4,2,,56764.333407008446
TUCURUI,sem,3,5,4,3,,57546.843269941404
TUCURUI,sem,3,5,4,4,,17095.58900492809
TUCURUI,sem,3,5,4,5,,56514.452365186706
TUCURUI,sem,3,5,5,1,,53869.408895571
TUCURUI,sem,3,5,5,2,,53760.62967578387
TUCURUI,sem,3,5,5,3,,55448.157621216094
TUCURUI,sem,3,5,5,4,,17109.574070233906
TUCURUI,sem,3,5,5,5,,48279.041377504655
TUCURUI,sem,4,1,1,1,,19927.729048703386
TUCURUI,sem,4,1,1,2,,19931.729048703386
TUCURUI,sem,4,1,1,3,,19935.729048703386
TUCURUI,sem,4,1,1,4,,19939.729048703386
TUCURUI,sem,4,1,1,5,,19943.729048703382
TUCURUI,sem,4,1,2,1,,19671.0177023708
TUCURUI,sem,4,1,2,2,,19675.017702370795
TUCURUI,sem,4,1,2,3,,19679.0177023708
TUCURUI,sem,4,1,2,4,,19683.017702370795
TUCURUI,sem,4,1,2,5,,19687.017702370795
TUCURUI,sem,4,1,3,1,,19620.837591120035
TUCURUI,sem,4,1,3,2,,19624.837591120035
TUCURUI,sem,4,1,3,3,,19628.83759112003
TUCURUI,sem,4,1,3,4,,19632.83759112003
TUCURUI,sem,4,1,3,5,,19636.83759112003
TUCURUI,sem,4,1,4,1,,19609.013466831155
TUCURUI,sem,4,1,4,2,,19613.013466831155
TUCURUI,sem,4,1,4,3,,19617.013466831155
TUCURUI,sem,4,1,4,4,,19621.013466831155
TUCURUI,sem,4,1,4,5,,19625.013466831155
TUCURUI,sem,4,1,5,1,,19607.47099477575
TUCURUI,sem,4,1,5,2,,19611.470994775747
TUCURUI,sem,4,1,5,3,,19615.470994775747
TUCURUI,sem,4,1,5,4,,19619.470994775747
TUCURUI,sem,4,1,5,5,,19623.470994775747
TUCURUI,sem,4,2,1,1,,19578.62666889094
TUCURUI,sem,4,2,1,2,,19582.62666889094
TUCURUI,sem,4,2,1,3,,19586.626668890938
TUCURUI,sem,4,2,1,4,,19590.626668890935
TUCURUI,sem,4,2,1,5,,19594.626668890935
TUCURUI,sem,4,2,2,1,,19486.923669473006
TUCURUI,sem,4,2,2,2,,19490.923669473006
TUCURUI,sem,4,2,2,3,,19494.923669473006
TUCURUI,sem,4,2,2,4,,19498.923669473006
TUCURUI,sem,4,2,2,5,,19502.923669473006
TUCURUI,sem,4,2,3,1,,19465.936239260325
TUCURUI,sem,4,2,3,2,,19469.936239260325
TUCURUI,sem,4,2,3,3,,19473.936239260325
TUCURUI,sem,4,2,3,4,,19477.936239260325
TUCURUI,sem,4,2,3,5,,19481.936239260325
TUCURUI,sem,4,2,4,1,,19461.7242873536
TUCURUI,sem,4,2,4,2,,19465.7242873536
TUCURUI,sem,4,2,4,3,,19469.7242873536
TUCURUI,sem,4,2,4,4,,19473.724287353598
TUCURUI,sem,4,2,4,5,,19477.724287353598
TUCURUI,sem,4,2,5,1,,19461.710013215412
TUCURUI,sem,4,2,5,2,,19465.710013215412
TUCURUI,sem,4,2,5,3,,19469.710013215412
TUCURUI,sem,4,2,5,4,,19473.710013215412
TUCURUI,sem,4,2,5,5,,19477.710013215412
TUCURUI,sem,4,3,1,1,,19502.5508304822
TUCURUI,sem,4,3,1,2,,19506.5508304822
TUCURUI,sem,4,3,1,3,,19510.550830482196
TUCURUI,sem,4,3,1,4,,19514.550830482196
TUCURUI,sem,4,3,1,5,,19518.550830482196
TUCURUI,sem,4,3,2,1,,19388.368662063323
TUCURUI,sem,4,3,2,2,,19392.368662063323
TUCURUI,sem,4,3,2,3,,19396.368662063323
TUCURUI,sem,4,3,2,4,,19400.368662063323
TUCURUI,sem,4,3,2,5,,19404.368662063323
TUCURUI,sem,4,3,3,1,,19367.854025044107
TUCURUI,sem,4,3,3,2,,19371.854025044107
TUCURUI,sem,4,3,3,3,,19375.854025044107
TUCURUI,sem,4,3,3,4,,19379.854025044107
TUCURUI,sem,4,3,3,5,,19383.854025044107
TUCURUI,sem,4,3,4,1,,19359.749646603173
TUCURUI,sem,4,3,4,2,,19363.749646603173
TUCURUI,sem,4,3,4,3,,19367.749646603173
TUCURUI,sem,4,3,4,4,,19371.749646603173
TUCURUI,sem,4,3,4,5,,19375.749646603173
TUCURUI,sem,4,3,5,1,,19359.03025011526
TUCURUI,sem,4,3,5,2,,19363.03025011526
TUCURUI,sem,4,3,5,3,,19367.03025011526
TUCURUI,sem,4,3,5,4,,19371.03025011526
TUCURUI,sem,4,3,5,5,,19375.03025011526
TUCURUI,sem,4,4,1,1,,19414.598836149828
TUCURUI,sem,4,4,1,2,,19418.59883614984
TUCURUI,sem,4,4,1,3,,19422.598836149828
TUCURUI,sem,4,4,1,4,,19426.598836149828
TUCURUI,sem,4,4,1,5,,19430.598836149824
TUCURUI,sem,4,4,2,1,,19327.198121698817
TUCURUI,sem,4,4,2,2,,19331.198121698813
TUCURUI,sem,4,4,2,3,,19335.198121698817
TUCURUI,sem,4,4,2,4,,19339.198121698813
TUCURUI,sem,4,4,2,5,,19343.198121698817
TUCURUI,sem,4,4,3,1,,19308.663615309717
TUCURUI,sem,4,4,3,2,,19312.663615309717
TUCURUI,sem,4,4,3,3,,19316.663615309717
TUCURUI,sem,4,4,3,4,,19320.663615309717
TUCURUI,sem,4,4,3,5,,19324.663615309717
TUCURUI,sem,4,4,4,1,,19299.66882661374
TUCURUI,sem,4,4,4,2,,19303.66882661374
TUCURUI,sem,4,4,4,3,,19307.66882661374
TUCURUI,sem,4,4,4,4,,19311.66882661374
TUCURUI,sem,4,4,4,5,,19315.66882661374
TUCURUI,sem,4,4,5,1,,19299.081137313035
TUCURUI,sem,4,4,5,2,,19303.081137313035
TUCURUI,sem,4,4,5,3,,19307.081137313035
TUCURUI,sem,4,4,5,4,,19311.081137313035
TUCURUI,sem,4,4,5,5,,19315.081137313035
TUCURUI,sem,4,5,1,1,,19303.21242464212
TUCURUI,sem,4,5,1,2,,19307.212424642123
TUCURUI,sem,4,5,1,3,,19311.212424642115
TUCURUI,sem,4,5,1,4,,19315.212424642115
TUCURUI,sem,4,5,1,5,,19319.212424642115
TUCURUI,sem,4,5,2,1,,19230.17090924705
TUCURUI,sem,4,5,2,2,,19234.170909247045
TUCURUI,sem,4,5,2,3,,19238.17090924705
TUCURUI,sem,4,5,2,4,,19242.17090924705
TUCURUI,sem,4,5,2,5,,19246.17090924705
TUCURUI,sem,4,5,3,1,,19207.35710017096
TUCURUI,sem,4,5,3,2,,19211.35710017096
TUCURUI,sem,4,5,3,3,,19215.35710017096
TUCURUI,sem,4,5,3,4,,19219.35710017096
TUCURUI,sem,4,5,3,5,,19223.35710017096
TUCURUI,sem,4,5,4,1,,19204.75981968138
TUCURUI,sem,4,5,4,2,,19208.759819681378
TUCURUI,sem,4,5,4,3,,19212.75981968138
TUCURUI,sem,4,5,4,4,,19216.759819681378
TUCURUI,sem,4,5,4,5,,19220.759819681378
TUCURUI,sem,4,5,5,1,,19201.415700598547
TUCURUI,sem,4,5,5,2,,19205.41570059855
TUCURUI,sem,4,5,5,3,,19209.41570059855
TUCURUI,sem,4,5,5,4,,19213.415700598547
TUCURUI,sem,4,5,5,5,,19217.415700598547
TUCURUI,mes,1,1,1,0,,4516.827552680587
TUCURUI,mes,1,1,2,0,,4365.369046831975
TUCURUI,mes,1,1,3,0,,4348.867116842409
TUCURUI,mes,1,1,4,0,,4341.500624658347
TUCURUI,mes,1,1,5,0,,4343.312516462582
TUCURUI,mes,1,2,1,0,,4426.932593322593
TUCURUI,mes,1,2,2,0,,4353.592396133795
TUCURUI,mes,1,2,3,0,,4339.560937276224
TUCURUI,mes,1,2,4,0,,4330.488417954709
TUCURUI,mes,1,2,5,0,,4331.056431796866
TUCURUI,mes,1,3,1,0,,4428.229212636557
TUCURUI,mes,1,3,2,0,,4352.293454638976
TUCURUI,mes,1,3,3,0,,4339.743279003428
TUCURUI,mes,1,3,4,0,,4331.390683619669
TUCURUI,mes,1,3,5,0,,4332.195558990895
TUCURUI,mes,1,4,1,0,,4423.629714760914
TUCURUI,mes,1,4,2,0,,4352.958124511594
TUCURUI,mes,1,4,3,0,,4340.33520598662
TUCURUI,mes,1,4,4,0,,4333.014320442804
TUCURUI,mes,1,4,5,0,,4333.955220217259
TUCURUI,mes,1,5,1,0,,4403.082374411756
TUCURUI,mes,1,5,2,0,,4350.290809042032
TUCURUI,mes,1,5,3,0,,4337.645948503738
TUCURUI,mes,1,5,4,0,,4331.025453782011
TUCURUI,mes,1,5,5,0,,4332.3336735906805
TUCURUI,mes,2,1,1,0,,5035.840658903016
TUCURUI,mes,2,1,2,0,,4889.53080189365
TUCURUI,mes,2,1,3,0,,4877.606625014985
TUCURUI,mes,2,1,4,0,,4864.783108759027
TUCURUI,mes,2,1,5,0,,4865.930182598604
TUCURUI,mes,2,2,1,0,,4919.62618182844
TUCURUI,mes,2,2,2,0,,4867.435797569186
TUCURUI,mes,2,2,3,0,,4848.130437065738
TUCURUI,mes,2,2,4,0,,4840.377617287689
TUCURUI,mes,2,2,5,0,,4840.739927454227
TUCURUI,mes,2,3,1,0,,4898.758897981171
TUCURUI,mes,2,3,2,0,,4848.61368022423
TUCURUI,mes,2,3,3,0,,4828.033567467758
TUCURUI,mes,2,3,4,0,,4820.420808796176
TUCURUI,mes,2,3,5,0,,4822.731633405029
TUCURUI,mes,2,4,1,0,,4878.336008316589
TUCURUI,mes,2,4,2,0,,4843.2838848863585
TUCURUI,mes,2,4,3,0,,4814.750478926082
TUCURUI,mes,2,4,4,0,,4815.127383324811
TUCURUI,mes,2,4,5,0,,4813.517080404694
TUCURUI,mes,2,5,1,0,,4837.082199399753
TUCURUI,mes,2,5,2,0,,4832.119671049321
TUCURUI,mes,2,5,3,0,,4801.975193801883
TUCURUI,mes,2,5,4,0,,4797.0171939641195
TUCURUI,mes,2,5,5,0,,4795.34669548243
TUCURUI,mes,3,1,1,1,,15477.67144958844
TUCURUI,mes,3,1,1,2,,15481.790940824108
TUCURUI,mes,3,1,1,3,,5034.473022458305
TUCURUI,mes,3,1,1,4,,4673.735273138458
TUCURUI,mes,3,1,1,5,,15505.731016940737
TUCURUI,mes,3,1,2,1,,14308.433143807788
TUCURUI,mes,3,1,2,2,,14312.553025404732
TUCURUI,mes,3,1,2,3,,4679.834862652626
TUCURUI,mes,3,1,2,4,,4377.630032178737
TUCURUI,mes,3,1,2,5,,14336.642506099559
TUCURUI,mes,3,1,3,1,,14084.832069914342
TUCURUI,mes,3,1,3,2,,14088.95221911763
TUCURUI,mes,3,1,3,3,,4414.093790454406
TUCURUI,mes,3,1,3,4,,4350.947399390279
TUCURUI,mes,3,1,3,5,,14113.143370690179
TUCURUI,mes,3,1,4,1,,13953.030887881516
TUCURUI,mes,3,1,4,2,,13957.15121557216
TUCURUI,mes,3,1,4,3,,4450.190986042891
TUCURUI,mes,3,1,4,4,,4335.054064814531
TUCURUI,mes,3,1,4,5,,13981.410856335244
TUCURUI,mes,3,1,5,1,,12812.814832652957
TUCURUI,mes,3,1,5,2,,12816.93588505399
TUCURUI,mes,3,1,5,3,,4397.4910531370815
TUCURUI,mes,3,1,5,4,,4327.440861245738
TUCURUI,mes,3,1,5,5,,12841.47201284557
TUCURUI,mes,3,2,1,1,,15531.874680613484
TUCURUI,mes,3,2,1,2,,15535.531489576757
TUCURUI,mes,3,2,1,3,,5006.16198273674
TUCURUI,mes,3,2,1,4,,4838.364871235199
TUCURUI,mes,3,2,1,5,,15561.792449190198
TUCURUI,mes,3,2,2,1,,14348.306368380974
TUCURUI,mes,3,2,2,2,,14352.103352977016
TUCURUI,mes,3,2,2,3,,4739.832722016166
TUCURUI,mes,3,2,2,4,,4399.240204051667
TUCURUI,mes,3,2,2,5,,14377.876938165238
TUCURUI,mes,3,2,3,1,,14115.524652284828
TUCURUI,mes,3,2,3,2,,14119.41666315847
TUCURUI,mes,3,2,3,3,,4402.745148587632
TUCURUI,mes,3,2,3,4,,4353.609788444784
TUCURUI,mes,3,2,3,5,,14144.859527900533
TUCURUI,mes,3,2,4,1,,13977.78094267888
TUCURUI,mes,3,2,4,2,,13981.736795053072
TUCURUI,mes,3,2,4,3,,4425.278043961498
TUCURUI,mes,3,2,4,4,,4380.013497264393
TUCURUI,mes,3,2,4,5,,14006.957316397875
TUCURUI,mes,3,2,5,1,,12815.360292847545
TUCURUI,mes,3,2,5,2,,12819.572551122232
TUCURUI,mes,3,2,5,3,,4388.2158113409705
TUCURUI,mes,3,2,5,4,,4326.360148230552
TUCURUI,mes,3,2,5,5,,12843.898841065633
TUCURUI,mes,3,3,1,1,,15580.523684666527
TUCURUI,mes,3,3,1,2,,15582.989019403753
TUCURUI,mes,3,3,1,3,,5047.824226089054
TUCURUI,mes,3,3,1,4,,4845.565059935721
TUCURUI,mes,3,3,1,5,,15615.466029738107
TUCURUI,mes,3,3,2,1,,14382.541937335041
TUCURUI,mes,3,3,2,2,,14385.488184400643
TUCURUI,mes,3,3,2,3,,4702.749759803418
TUCURUI,mes,3,3,2,4,,4447.688409125568
TUCURUI,mes,3,3,2,5,,14416.105334325111
TUCURUI,mes,3,3,3,1,,14141.128197421995
TUCURUI,mes,3,3,3,2,,14144.393499902153
TUCURUI,mes,3,3,3,3,,4408.697766668205
TUCURUI,mes,3,3,3,4,,4375.709909081603
TUCURUI,mes,3,3,3,5,,14173.771823672907
TUCURUI,mes,3,3,4,1,,13998.0384687944
TUCURUI,mes,3,3,4,2,,14001.515056075286
TUCURUI,mes,3,3,4,3,,4425.63370903422
TUCURUI,mes,3,3,4,4,,4376.677294879614
TUCURUI,mes,3,3,4,5,,14030.07081670998
TUCURUI,mes,3,3,5,1,,12817.252352432935
TUCURUI,mes,3,3,5,2,,12821.553562933068
TUCURUI,mes,3,3,5,3,,4405.033229935593
TUCURUI,mes,3,3,5,4,,4327.466142873451
TUCURUI,mes,3,3,5,5,,12846.882116592076
TUCURUI,mes,3,4,1,1,,15611.425433248703
TUCURUI,mes,3,4,1,2,,15613.71298374568
TUCURUI,mes,3,4,1,3,,5067.226588541908
TUCURUI,mes,3,4,1,4,,4800.465158822278
TUCURUI,mes,3,4,1,5,,15631.802951818203
TUCURUI,mes,3,4,2,1,,14402.445324634802
TUCURUI,mes,3,4,2,2,,14405.311560416481
TUCURUI,mes,3,4,2,3,,4709.715902130386
TUCURUI,mes,3,4,2,4,,4449.8857706602175
TUCURUI,mes,3,4,2,5,,14425.604384791084
TUCURUI,mes,3,4,3,1,,14155.080301564272
TUCURUI,mes,3,4,3,2,,14158.309596539928
TUCURUI,mes,3,4,3,3,,4412.627160462393
TUCURUI,mes,3,4,3,4,,4368.801948403212
TUCURUI,mes,3,4,3,5,,14180.12046175785
TUCURUI,mes,3,4,4,1,,14010.123455343954
TUCURUI,mes,3,4,4,2,,14013.582433641168
TUCURUI,mes,3,4,4,3,,4429.090451788815
TUCURUI,mes,3,4,4,4,,4377.869319517587
TUCURUI,mes,3,4,4,5,,14035.22127818152
TUCURUI,mes,3,4,5,1,,12819.410285703589
TUCURUI,mes,3,4,5,2,,12823.71510226004
TUCURUI,mes,3,4,5,3,,4403.538772899324
TUCURUI,mes,3,4,5,4,,4330.987883963476
TUCURUI,mes,3,4,5,5,,12849.005641525167
TUCURUI,mes,3,5,1,1,,15615.599001753608
TUCURUI,mes,3,5,1,2,,15620.896976192162
TUCURUI,mes,3,5,1,3,,5070.235221032348
TUCURUI,mes,3,5,1,4,,4755.675031944827
TUCURUI,mes,3,5,1,5,,15625.284624407435
TUCURUI,mes,3,5,2,1,,14403.497035824097
TUCURUI,mes,3,5,2,2,,14408.439715118242
TUCURUI,mes,3,5,2,3,,4710.515883868045
TUCURUI,mes,3,5,2,4,,4443.6857628998805
TUCURUI,mes,3,5,2,5,,14419.753684727862
TUCURUI,mes,3,5,3,1,,14155.511281321473
TUCURUI,mes,3,5,3,2,,14160.225530525442
TUCURUI,mes,3,5,3,3,,4413.765023019703
TUCURUI,mes,3,5,3,4,,4370.445280650502
TUCURUI,mes,3,5,3,5,,14175.586481265236
TUCURUI,mes,3,5,4,1,,14009.953771851837
TUCURUI,mes,3,5,4,2,,14014.770069746142
TUCURUI,mes,3,5,4,3,,4428.22298282541
TUCURUI,mes,3,5,4,4,,4380.273190358963
TUCURUI,mes,3,5,4,5,,14030.45769916144
TUCURUI,mes,3,5,5,1,,12821.451583712487
TUCURUI,mes,3,5,5,2,,12825.777057648931
TUCURUI,mes,3,5,5,3,,4401.713044653279
TUCURUI,mes,3,5,5,4,,4326.795343554782
TUCURUI,mes,3,5,5,5,,12849.513617172497
TUCURUI,mes,4,1,1,1,,5040.838918762635
TUCURUI,mes,4,1,1,2,,5044.838918762635
TUCURUI,mes,4,1,1,3,,5048.838918762635
TUCURUI,mes,4,1,1,4,,5052.838918762635
TUCURUI,mes,4,1,1,5,,5056.838918762635
TUCURUI,mes,4,1,2,1,,4894.529061753268
TUCURUI,mes,4,1,2,2,,4898.529061753268
TUCURUI,mes,4,1,2,3,,4902.529061753268
TUCURUI,mes,4,1,2,4,,4906.529061753268
TUCURUI,mes,4,1,2,5,,4910.529061753268
TUCURUI,mes,4,1,3,1,,4882.604884874604
TUCURUI,mes,4,1,3,2,,4886.604884874604
TUCURUI,mes,4,1,3,3,,4890.604884874604
TUCURUI,mes,4,1,3,4,,4894.604884874604
TUCURUI,mes,4,1,3,5,,4898.604884874604
TUCURUI,mes,4,1,4,1,,4869.7813686186455
TUCURUI,mes,4,1,4,2,,4873.7813686186455
TUCURUI,mes,4,1,4,3,,4877.7813686186455
TUCURUI,mes,4,1,4,4,,4881.7813686186455
TUCURUI,mes,4,1,4,5,,4885.7813686186455
TUCURUI,mes,4,1,5,1,,4870.928442458224
TUCURUI,mes,4,1,5,2,,4874.928442458224
TUCURUI,mes,4,1,5,3,,4878.928442458224
TUCURUI,mes,4,1,5,4,,4882.928442458224
TUCURUI,mes,4,1,5,5,,4886.928442458224
TUCURUI,mes,4,2,1,1,,4923.6192050654045
TUCURUI,mes,4,2,1,2,,4927.6192050654045
TUCURUI,mes,4,2,1,3,,4931.6192050654045
TUCURUI,mes,4,2,1,4,,4935.6192050654045
TUCURUI,mes,4,2,1,5,,4939.6192050654045
TUCURUI,mes,4,2,2,1,,4871.428820806152
TUCURUI,mes,4,2,2,2,,4875.428820806152
TUCURUI,mes,4,2,2,3,,4879.428820806152
TUCURUI,mes,4,2,2,4,,4883.428820806152
TUCURUI,mes,4,2,2,5,,4887.428820806152
TUCURUI,mes,4,2,3,1,,4852.123460302703
TUCURUI,mes,4,2,3,2,,4856.123460302703
TUCURUI,mes,4,2,3,3,,4860.123460302703
TUCURUI,mes,4,2,3,4,,4864.123460302703
TUCURUI,mes,4,2,3,5,,4868.123460302703
TUCURUI,mes,4,2,4,1,,4844.370640524654
TUCURUI,mes,4,2,4,2,,4848.370640524654
TUCURUI,mes,4,2,4,3,,4852.370640524654
TUCURUI,mes,4,2,4,4,,4856.370640524654
TUCURUI,mes,4,2,4,5,,4860.370640524654
TUCURUI,mes,4,2,5,1,,4844.732950691192
TUCURUI,mes,4,2,5,2,,4848.732950691192
TUCURUI,mes,4,2,5,3,,4852.732950691192
TUCURUI,mes,4,2,5,4,,4856.732950691192
TUCURUI,mes,4,2,5,5,,4860.732950691192
TUCURUI,mes,4,3,1,1,,4901.743163619389
TUCURUI,mes,4,3,1,2,,4905.743163619389
TUCURUI,mes,4,3,1,3,,4909.74316361939
TUCURUI,mes,4,3,1,4,,4913.743163619389
TUCURUI,mes,4,3,1,5,,4917.743163619389
TUCURUI,mes,4,3,2,1,,4851.59794586245
TUCURUI,mes,4,3,2,2,,4855.59794586245
TUCURUI,mes,4,3,2,3,,4859.59794586245
TUCURUI,mes,4,3,2,4,,4863.59794586245
TUCURUI,mes,4,3,2,5,,4867.59794586245
TUCURUI,mes,4,3,3,1,,4831.017833105977
TUCURUI,mes,4,3,3,2,,4835.017833105977
TUCURUI,mes,4,3,3,3,,4839.017833105977
TUCURUI,mes,4,3,3,4,,4843.017833105977
TUCURUI,mes,4,3,3,5,,4847.017833105977
TUCURUI,mes,4,3,4,1,,4823.405074434396
TUCURUI,mes,4,3,4,2,,4827.405074434396
TUCURUI,mes,4,3,4,3,,4831.405074434396
TUCURUI,mes,4,3,4,4,,4835.405074434396
TUCURUI,mes,4,3,4,5,,4839.405074434396
TUCURUI,mes,4,3,5,1,,4825.715899043249
TUCURUI,mes,4,3,5,2,,4829.715899043249
TUCURUI,mes,4,3,5,3,,4833.715899043249
TUCURUI,mes,4,3,5,4,,4837.715899043249
TUCURUI,mes,4,3,5,5,,4841.715899043249
TUCURUI,mes,4,4,1,1,,4880.307970627861
TUCURUI,mes,4,4,1,2,,4884.307970627861
TUCURUI,mes,4,4,1,3,,4888.307970627862
TUCURUI,mes,4,4,1,4,,4892.30797062786
TUCURUI,mes,4,4,1,5,,4896.307970627862
TUCURUI,mes,4,4,2,1,,4845.2558471976345
TUCURUI,mes,4,4,2,2,,4849.2558471976345
TUCURUI,mes,4,4,2,3,,4853.2558471976345
TUCURUI,mes,4,4,2,4,,4857.2558471976345
TUCURUI,mes,4,4,2,5,,4861.2558471976345
TUCURUI,mes,4,4,3,1,,4816.722441237357
TUCURUI,mes,4,4,3,2,,4820.722441237357
TUCURUI,mes,4,4,3,3,,4824.722441237357
TUCURUI,mes,4,4,3,4,,4828.722441237356
TUCURUI,mes,4,4,3,5,,4832.722441237356
TUCURUI,mes,4,4,4,1,,4817.099345636086
TUCURUI,mes,4,4,4,2,,4821.099345636087
TUCURUI,mes,4,4,4,3,,4825.099345636086
TUCURUI,mes,4,4,4,4,,4829.099345636085
TUCURUI,mes,4,4,4,5,,4833.099345636085
TUCURUI,mes,4,4,5,1,,4815.48904271597
TUCURUI,mes,4,4,5,2,,4819.48904271597
TUCURUI,mes,4,4,5,3,,4823.489042715969
TUCURUI,mes,4,4,5,4,,4827.489042715969
TUCURUI,mes,4,4,5,5,,4831.489042715969
TUCURUI,mes,4,5,1,1,,4838.038287641848
TUCURUI,mes,4,5,1,2,,4842.038287641848
TUCURUI,mes,4,5,1,3,,4846.03828764185
TUCURUI,mes,4,5,1,4,,4850.038287641842
TUCURUI,mes,4,5,1,5,,4854.038287641851
TUCURUI,mes,4,5,2,1,,4833.075759291422
TUCURUI,mes,4,5,2,2,,4837.075759291422
TUCURUI,mes,4,5,2,3,,4841.0757592914215
TUCURUI,mes,4,5,2,4,,4845.075759291422
TUCURUI,mes,4,5,2,5,,4849.0757592914215
TUCURUI,mes,4,5,3,1,,4802.931282043983
TUCURUI,mes,4,5,3,2,,4806.931282043983
TUCURUI,mes,4,5,3,3,,4810.9312820439845
TUCURUI,mes,4,5,3,4,,4814.931282043983
TUCURUI,mes,4,5,3,5,,4818.931282043983
TUCURUI,mes,4,5,4,1,,4797.973282206221
TUCURUI,mes,4,5,4,2,,4801.973282206221
TUCURUI,mes,4,5,4,3,,4805.97328220622
TUCURUI,mes,4,5,4,4,,4809.97328220622
TUCURUI,mes,4,5,4,5,,4813.97328220622
TUCURUI,mes,4,5,5,1,,4796.30278372453
TUCURUI,mes,4,5,5,2,,4800.30278372453
TUCURUI,mes,4,5,5,3,,4804.30278372453
TUCURUI,mes,4,5,5,4,,4808.302783724529
TUCURUI,mes,4,5,5,5,,4812.302783724529
ITUMBIARA,dia,1,1,1,0,,69614.41664755347
ITUMBIARA,dia,1,1,2,0,,69602.98448089923
ITUMBIARA,dia,1,1,3,0,,69606.41212769877
ITUMBIARA,dia,1,1,4,0,,69608.52075678777
ITUMBIARA,dia,1,1,5,0,,69610.57358312226
ITUMBIARA,dia,1,2,1,0,,69130.51129365896
ITUMBIARA,dia,1,2,2,0,,69113.81680783087
ITUMBIARA,dia,1,2,3,0,,69117.06937383504
ITUMBIARA,dia,1,2,4,0,,69118.98606063293
ITUMBIARA,dia,1,2,5,0,,69121.24951207003
ITUMBIARA,dia,1,3,1,0,,69115.06429195982
ITUMBIARA,dia,1,3,2,0,,69097.87048900459
ITUMBIARA,dia,1,3,3,0,,69101.11566537546
ITUMBIARA,dia,1,3,4,0,,69102.9675553449
ITUMBIARA,dia,1,3,5,0,,69105.0974478455
ITUMBIARA,dia,1,4,1,0,,69116.36465926585
ITUMBIARA,dia,1,4,2,0,,69099.42715582377
ITUMBIARA,dia,1,4,3,0,,69102.67929286734
ITUMBIARA,dia,1,4,4,0,,69104.54157612614
ITUMBIARA,dia,1,4,5,0,,69106.66959113453
ITUMBIARA,dia,1,5,1,0,,69080.66795043748
ITUMBIARA,dia,1,5,2,0,,69065.37937223769
ITUMBIARA,dia,1,5,3,0,,69068.68669217291
ITUMBIARA,dia,1,5,4,0,,69070.60431533321
ITUMBIARA,dia,1,5,5,0,,69072.65053997621
ITUMBIARA,dia,2,1,1,0,,85350.91900818674
ITUMBIARA,dia,2,1,2,0,,85418.04382331202
ITUMBIARA,dia,2,1,3,0,,85426.66835254004
ITUMBIARA,dia,2,1,4,0,,85440.44816445521
ITUMBIARA,dia,2,1,5,0,,85452.36846337821
ITUMBIARA,dia,2,2,1,0,,82696.22368731032
ITUMBIARA,dia,2,2,2,0,,82774.46869422772
ITUMBIARA,dia,2,2,3,0,,82781.7566043917
ITUMBIARA,dia,2,2,4,0,,82794.53887731847
ITUMBIARA,dia,2,2,5,0,,82800.36254491098
ITUMBIARA,dia,2,3,1,0,,80956.11470892561
ITUMBIARA,dia,2,3,2,0,,81049.71324083154
ITUMBIARA,dia,2,3,3,0,,81070.55593861596
ITUMBIARA,dia,2,3,4,0,,81110.62601021267
ITUMBIARA,dia,2,3,5,0,,81116.98006590453
ITUMBIARA,dia,2,4,1,0,,79572.67300480287
ITUMBIARA,dia,2,4,2,0,,79648.085394128
ITUMBIARA,dia,2,4,3,0,,79661.82292220293
ITUMBIARA,dia,2,4,4,0,,79687.4283388869
ITUMBIARA,dia,2,4,5,0,,79705.36069185387
ITUMBIARA,dia,2,5,1,0,,78539.6130124953
ITUMBIARA,dia,2,5,2,0,,78567.35809917783
ITUMBIARA,dia,2,5,3,0,,78576.04774098803
ITUMBIARA,dia,2,5,4,0,,78591.152038095
ITUMBIARA,dia,2,5,5,0,,78608.45740659797
ITUMBIARA,dia,3,1,1,1,,69677.78914656615
ITUMBIARA,dia,3,1,1,2,,69663.60202388791
ITUMBIARA,dia,3,1,1,3,,69666.045504769
ITUMBIARA,dia,3,1,1,4,,69672.63052581286
ITUMBIARA,dia,3,1,1,5,,69682.53247752984
ITUMBIARA,dia,3,1,2,1,,69655.26059089776
ITUMBIARA,dia,3,1,2,2,,69644.0770548012
ITUMBIARA,dia,3,1,2,3,,69645.90516136574
ITUMBIARA,dia,3,1,2,4,,69652.10881533835
ITUMBIARA,dia,3,1,2,5,,69659.32976812797
ITUMBIARA,dia,3,1,3,1,,69659.39903954125
ITUMBIARA,dia,3,1,3,2,,69647.93968443411
ITUMBIARA,dia,3,1,3,3,,69649.85113235236
ITUMBIARA,dia,3,1,3,4,,69656.0371919968
ITUMBIARA,dia,3,1,3,5,,69663.42247755172
ITUMBIARA,dia,3,1,4,1,,69661.227112562
ITUMBIARA,dia,3,1,4,2,,69649.55915475985
ITUMBIARA,dia,3,1,4,3,,69651.42508892351
ITUMBIARA,dia,3,1,4,4,,69657.59517371695
ITUMBIARA,dia,3,1,4,5,,69664.7044267439
ITUMBIARA,dia,3,1,5,1,,69663.64936582647
ITUMBIARA,dia,3,1,5,2,,69651.83154972145
ITUMBIARA,dia,3,1,5,3,,69653.73481202842
ITUMBIARA,dia,3,1,5,4,,69659.85665620824
ITUMBIARA,dia,3,1,5,5,,69667.17361052695
ITUMBIARA,dia,3,2,1,1,,69299.58756061424
ITUMBIARA,dia,3,2,1,2,,69228.765224979
ITUMBIARA,dia,3,2,1,3,,69224.43079965083
ITUMBIARA,dia,3,2,1,4,,69229.84581534745
ITUMBIARA,dia,3,2,1,5,,69246.7208756907
ITUMBIARA,dia,3,2,2,1,,69267.9052790386
ITUMBIARA,dia,3,2,2,2,,69200.00435193199
ITUMBIARA,dia,3,2,2,3,,69194.6271342381
ITUMBIARA,dia,3,2,2,4,,69199.81316345463
ITUMBIARA,dia,3,2,2,5,,69212.8236808165
ITUMBIARA,dia,3,2,3,1,,69272.03316045288
ITUMBIARA,dia,3,2,3,2,,69203.85051155437
ITUMBIARA,dia,3,2,3,3,,69198.5813298398
ITUMBIARA,dia,3,2,3,4,,69203.74855251444
ITUMBIARA,dia,3,2,3,5,,69216.88001120463
ITUMBIARA,dia,3,2,4,1,,69273.73631883225
ITUMBIARA,dia,3,2,4,2,,69205.17843340052
ITUMBIARA,dia,3,2,4,3,,69199.83343038286
ITUMBIARA,dia,3,2,4,4,,69204.9932046326
ITUMBIARA,dia,3,2,4,5,,69217.88665216572
ITUMBIARA,dia,3,2,5,1,,69276.31157446395
ITUMBIARA,dia,3,2,5,2,,69207.72697160798
ITUMBIARA,dia,3,2,5,3,,69202.40184569247
ITUMBIARA,dia,3,2,5,4,,69207.53443632396
ITUMBIARA,dia,3,2,5,5,,69220.55592887857
ITUMBIARA,dia,3,3,1,1,,69285.04945065382
ITUMBIARA,dia,3,3,1,2,,69215.62225320954
ITUMBIARA,dia,3,3,1,3,,69211.55994461689
ITUMBIARA,dia,3,3,1,4,,69216.78407120945
ITUMBIARA,dia,3,3,1,5,,69237.22376043577
ITUMBIARA,dia,3,3,2,1,,69253.39239714437
ITUMBIARA,dia,3,3,2,2,,69186.55761220236
ITUMBIARA,dia,3,3,2,3,,69181.46316376483
ITUMBIARA,dia,3,3,2,4,,69186.46715829511
ITUMBIARA,dia,3,3,2,5,,69202.91688897349
ITUMBIARA,dia,3,3,3,1,,69257.52823500818
ITUMBIARA,dia,3,3,3,2,,69190.41558949286
ITUMBIARA,dia,3,3,3,3,,69185.42642764587
ITUMBIARA,dia,3,3,3,4,,69190.41129304311
ITUMBIARA,dia,3,3,3,5,,69207.03679176158
ITUMBIARA,dia,3,3,4,1,,69259.21335351098
ITUMBIARA,dia,3,3,4,2,,69191.69147570449
ITUMBIARA,dia,3,3,4,3,,69186.62533842732
ITUMBIARA,dia,3,3,4,4,,69191.60136275757
ITUMBIARA,dia,3,3,4,5,,69207.91562203478
ITUMBIARA,dia,3,3,5,1,,69261.6538202648
ITUMBIARA,dia,3,3,5,2,,69194.13335447836
ITUMBIARA,dia,3,3,5,3,,69189.10316830655
ITUMBIARA,dia,3,3,5,4,,69194.04229918722
ITUMBIARA,dia,3,3,5,5,,69210.56887791604
ITUMBIARA,dia,3,4,1,1,,69283.97331945728
ITUMBIARA,dia,3,4,1,2,,69220.31770980416
ITUMBIARA,dia,3,4,1,3,,69215.64307215175
ITUMBIARA,dia,3,4,1,4,,69220.7092894362
ITUMBIARA,dia,3,4,1,5,,69241.09454045579
ITUMBIARA,dia,3,4,2,1,,69253.8271785265
ITUMBIARA,dia,3,4,2,2,,69192.45472036388
ITUMBIARA,dia,3,4,2,3,,69186.73647693121
ITUMBIARA,dia,3,4,2,4,,69191.62146249702
ITUMBIARA,dia,3,4,2,5,,69208.17340410374
ITUMBIARA,dia,3,4,3,1,,69257.92261782018
ITUMBIARA,dia,3,4,3,2,,69196.28683496609
ITUMBIARA,dia,3,4,3,3,,69190.66479572366
ITUMBIARA,dia,3,4,3,4,,69195.53515673893
ITUMBIARA,dia,3,4,3,5,,69212.20938566633
ITUMBIARA,dia,3,4,4,1,,69259.6727303835
ITUMBIARA,dia,3,4,4,2,,69197.66224845675
ITUMBIARA,dia,3,4,4,3,,69191.9688310875
ITUMBIARA,dia,3,4,4,4,,69196.8303852248
ITUMBIARA,dia,3,4,4,5,,69213.25831707177
ITUMBIARA,dia,3,4,5,1,,69262.04492469152
ITUMBIARA,dia,3,4,5,2,,69200.04198313096
ITUMBIARA,dia,3,4,5,3,,69194.35571261405
ITUMBIARA,dia,3,4,5,4,,69199.20241968056
ITUMBIARA,dia,3,4,5,5,,69215.74722252361
ITUMBIARA,dia,3,5,1,1,,69266.66761222495
ITUMBIARA,dia,3,5,1,2,,69201.99558266712
ITUMBIARA,dia,3,5,1,3,,69197.46061372817
ITUMBIARA,dia,3,5,1,4,,69201.97069100561
ITUMBIARA,dia,3,5,1,5,,69227.86812473925
ITUMBIARA,dia,3,5,2,1,,69238.73032325394
ITUMBIARA,dia,3,5,2,2,,69176.61932689673
ITUMBIARA,dia,3,5,2,3,,69171.18828083584
ITUMBIARA,dia,3,5,2,4,,69175.41143021277
ITUMBIARA,dia,3,5,2,5,,69197.809023359
ITUMBIARA,dia,3,5,3,1,,69242.88876919908
ITUMBIARA,dia,3,5,3,2,,69180.4947165414
ITUMBIARA,dia,3,5,3,3,,69175.17176853736
ITUMBIARA,dia,3,5,3,4,,69179.37441399258
ITUMBIARA,dia,3,5,3,5,,69201.99638813073
ITUMBIARA,dia,3,5,4,1,,69244.59062239784
ITUMBIARA,dia,3,5,4,2,,69181.85602698076
ITUMBIARA,dia,3,5,4,3,,69176.45088552896
ITUMBIARA,dia,3,5,4,4,,69180.64225867856
ITUMBIARA,dia,3,5,4,5,,69202.89258476402
ITUMBIARA,dia,3,5,5,1,,69247.01033555067
ITUMBIARA,dia,3,5,5,2,,69184.21951853778
ITUMBIARA,dia,3,5,5,3,,69178.8838416645
ITUMBIARA,dia,3,5,5,4,,69183.01956372737
ITUMBIARA,dia,3,5,5,5,,69205.58031353049
ITUMBIARA,dia,4,1,1,1,,85355.91895110477
ITUMBIARA,dia,4,1,1,2,,85359.91895110477
ITUMBIARA,dia,4,1,1,3,,85363.91895110477
ITUMBIARA,dia,4,1,1,4,,85367.91895110477
ITUMBIARA,dia,4,1,1,5,,85371.91895110477
ITUMBIARA,dia,4,1,2,1,,85423.04376623005
ITUMBIARA,dia,4,1,2,2,,85427.04376623007
ITUMBIARA,dia,4,1,2,3,,85431.04376623005
ITUMBIARA,dia,4,1,2,4,,85435.04376623005
ITUMBIARA,dia,4,1,2,5,,85439.04376623005
ITUMBIARA,dia,4,1,3,1,,85431.66829545808
ITUMBIARA,dia,4,1,3,2,,85435.66829545808
ITUMBIARA,dia,4,1,3,3,,85439.66829545808
ITUMBIARA,dia,4,1,3,4,,85443.66829545808
ITUMBIARA,dia,4,1,3,5,,85447.66829545808
ITUMBIARA,dia,4,1,4,1,,85445.44810737325
ITUMBIARA,dia,4,1,4,2,,85449.44810737325
ITUMBIARA,dia,4,1,4,3,,85453.44810737325
ITUMBIARA,dia,4,1,4,4,,85457.44810737325
ITUMBIARA,dia,4,1,4,5,,85461.44810737325
ITUMBIARA,dia,4,1,5,1,,85457.36840629624
ITUMBIARA,dia,4,1,5,2,,85461.36840629624
ITUMBIARA,dia,4,1,5,3,,85465.36840629624
ITUMBIARA,dia,4,1,5,4,,85469.36840629624
ITUMBIARA,dia,4,1,5,5,,85473.36840629624
ITUMBIARA,dia,4,2,1,1,,82700.22345896505
ITUMBIARA,dia,4,2,1,2,,82704.22345896508
ITUMBIARA,dia,4,2,1,3,,82708.22345896508
ITUMBIARA,dia,4,2,1,4,,82712.22345896508
ITUMBIARA,dia,4,2,1,5,,82716.22345896505
ITUMBIARA,dia,4,2,2,1,,82778.46846588247
ITUMBIARA,dia,4,2,2,2,,82782.46846588247
ITUMBIARA,dia,4,2,2,3,,82786.46846588247
ITUMBIARA,dia,4,2,2,4,,82790.46846588247
ITUMBIARA,dia,4,2,2,5,,82794.46846588247
ITUMBIARA,dia,4,2,3,1,,82785.75637604645
ITUMBIARA,dia,4,2,3,2,,82789.75637604645
ITUMBIARA,dia,4,2,3,3,,82793.75637604645
ITUMBIARA,dia,4,2,3,4,,82797.75637604645
ITUMBIARA,dia,4,2,3,5,,82801.75637604645
ITUMBIARA,dia,4,2,4,1,,82798.53864897322
ITUMBIARA,dia,4,2,4,2,,82802.53864897322
ITUMBIARA,dia,4,2,4,3,,82806.53864897322
ITUMBIARA,dia,4,2,4,4,,82810.53864897322
ITUMBIARA,dia,4,2,4,5,,82814.53864897322
ITUMBIARA,dia,4,2,5,1,,82804.3623165657
ITUMBIARA,dia,4,2,5,2,,82808.36231656572
ITUMBIARA,dia,4,2,5,3,,82812.36231656572
ITUMBIARA,dia,4,2,5,4,,82816.36231656572
ITUMBIARA,dia,4,2,5,5,,82820.3623165657
ITUMBIARA,dia,4,3,1,1,,80959.11419510968
ITUMBIARA,dia,4,3,1,2,,80963.1141951097
ITUMBIARA,dia,4,3,1,3,,80967.1141951097
ITUMBIARA,dia,4,3,1,4,,80971.1141951097
ITUMBIARA,dia,4,3,1,5,,80975.11419510968
ITUMBIARA,dia,4,3,2,1,,81052.71272701559
ITUMBIARA,dia,4,3,2,2,,81056.71272701559
ITUMBIARA,dia,4,3,2,3,,81060.71272701559
ITUMBIARA,dia,4,3,2,4,,81064.71272701559
ITUMBIARA,dia,4,3,2,5,,81068.71272701559
ITUMBIARA,dia,4,3,3,1,,81073.5554248
ITUMBIARA,dia,4,3,3,2,,81077.55542480001
ITUMBIARA,dia,4,3,3,3,,81081.5554248
ITUMBIARA,dia,4,3,3,4,,81085.55542480001
ITUMBIARA,dia,4,3,3,5,,81089.5554248
ITUMBIARA,dia,4,3,4,1,,81113.62549639674
ITUMBIARA,dia,4,3,4,2,,81117.62549639674
ITUMBIARA,dia,4,3,4,3,,81121.62549639674
ITUMBIARA,dia,4,3,4,4,,81125.62549639674
ITUMBIARA,dia,4,3,4,5,,81129.62549639674
ITUMBIARA,dia,4,3,5,1,,81119.9795520886
ITUMBIARA,dia,4,3,5,2,,81123.9795520886
ITUMBIARA,dia,4,3,5,3,,81127.9795520886
ITUMBIARA,dia,4,3,5,4,,81131.9795520886
ITUMBIARA,dia,4,3,5,5,,81135.9795520886
ITUMBIARA,dia,4,4,1,1,,79574.67209128277
ITUMBIARA,dia,4,4,1,2,,79578.67209128277
ITUMBIARA,dia,4,4,1,3,,79582.67209128277
ITUMBIARA,dia,4,4,1,4,,79586.67209128277
ITUMBIARA,dia,4,4,1,5,,79590.67209128279
ITUMBIARA,dia,4,4,2,1,,79650.08448060788
ITUMBIARA,dia,4,4,2,2,,79654.08448060788
ITUMBIARA,dia,4,4,2,3,,79658.08448060788
ITUMBIARA,dia,4,4,2,4,,79662.08448060788
ITUMBIARA,dia,4,4,2,5,,79666.08448060788
ITUMBIARA,dia,4,4,3,1,,79663.82200868282
ITUMBIARA,dia,4,4,3,2,,79667.82200868282
ITUMBIARA,dia,4,4,3,3,,79671.82200868282
ITUMBIARA,dia,4,4,3,4,,79675.82200868282
ITUMBIARA,dia,4,4,3,5,,79679.82200868284
ITUMBIARA,dia,4,4,4,1,,79689.4274253668
ITUMBIARA,dia,4,4,4,2,,79693.4274253668
ITUMBIARA,dia,4,4,4,3,,79697.4274253668
ITUMBIARA,dia,4,4,4,4,,79701.4274253668
ITUMBIARA,dia,4,4,4,5,,79705.4274253668
ITUMBIARA,dia,4,4,5,1,,79707.35977833378
ITUMBIARA,dia,4,4,5,2,,79711.35977833378
ITUMBIARA,dia,4,4,5,3,,79715.35977833378
ITUMBIARA,dia,4,4,5,4,,79719.35977833378
ITUMBIARA,dia,4,4,5,5,,79723.35977833378
ITUMBIARA,dia,4,5,1,1,,78540.61158501147
ITUMBIARA,dia,4,5,1,2,,78544.61158501147
ITUMBIARA,dia,4,5,1,3,,78548.61158501147
ITUMBIARA,dia,4,5,1,4,,78552.61158501147
ITUMBIARA,dia,4,5,1,5,,78556.61158501147
ITUMBIARA,dia,4,5,2,1,,78568.356671694
ITUMBIARA,dia,4,5,2,2,,78572.356671694
ITUMBIARA,dia,4,5,2,3,,78576.356671694
ITUMBIARA,dia,4,5,2,4,,78580.356671694
ITUMBIARA,dia,4,5,2,5,,78584.356671694
ITUMBIARA,dia,4,5,3,1,,78577.0463135042
ITUMBIARA,dia,4,5,3,2,,78581.0463135042
ITUMBIARA,dia,4,5,3,3,,78585.0463135042
ITUMBIARA,dia,4,5,3,4,,78589.0463135042
ITUMBIARA,dia,4,5,3,5,,78593.0463135042
ITUMBIARA,dia,4,5,4,1,,78592.15061061116
ITUMBIARA,dia,4,5,4,2,,78596.15061061116
ITUMBIARA,dia,4,5,4,3,,78600.15061061116
ITUMBIARA,dia,4,5,4,4,,78604.15061061116
ITUMBIARA,dia,4,5,4,5,,78608.15061061116
ITUMBIARA,dia,4,5,5,1,,78609.45597911412
ITUMBIARA,dia,4,5,5,2,,78613.45597911412
ITUMBIARA,dia,4,5,5,3,,78617.45597911412
ITUMBIARA,dia,4,5,5,4,,78621.45597911412
ITUMBIARA,dia,4,5,5,5,,78625.45597911412
ITUMBIARA,sem,1,1,1,0,,11447.569118457528
ITUMBIARA,sem,1,1,2,0,,11434.760877368437
ITUMBIARA,sem,1,1,3,0,,11438.132313170101
ITUMBIARA,sem,1,1,4,0,,11439.764986856377
ITUMBIARA,sem,1,1,5,0,,11441.456035546085
ITUMBIARA,sem,1,2,1,0,,11438.314233979758
ITUMBIARA,sem,1,2,2,0,,11425.606739352874
ITUMBIARA,sem,1,2,3,0,,11429.002205127385
ITUMBIARA,sem,1,2,4,0,,11430.431392486751
ITUMBIARA,sem,1,2,5,0,,11431.594199097635
ITUMBIARA,sem,1,3,1,0,,11432.569386742049
ITUMBIARA,sem,1,3,2,0,,11418.727671818513
ITUMBIARA,sem,1,3,3,0,,11422.169827048183
ITUMBIARA,sem,1,3,4,0,,11423.41943950076
ITUMBIARA,sem,1,3,5,0,,11424.000667374843
ITUMBIARA,sem,1,4,1,0,,11431.728461698453
ITUMBIARA,sem,1,4,2,0,,11416.686276088765
ITUMBIARA,sem,1,4,3,0,,11420.141603770453
ITUMBIARA,sem,1,4,4,0,,11421.209825050395
ITUMBIARA,sem,1,4,5,0,,11421.478041863073
ITUMBIARA,sem,1,5,1,0,,11429.4240128143
ITUMBIARA,sem,1,5,2,0,,11412.383296291446
ITUMBIARA,sem,1,5,3,0,,11415.867549093346
ITUMBIARA,sem,1,5,4,0,,11416.792319606006
ITUMBIARA,sem,1,5,5,0,,11416.934754812255
ITUMBIARA,sem,2,1,1,0,,13825.824046941303
ITUMBIARA,sem,2,1,2,0,,13815.360982742266
ITUMBIARA,sem,2,1,3,0,,13818.98655116747
ITUMBIARA,sem,2,1,4,0,,13821.29670915968
ITUMBIARA,sem,2,1,5,0,,13823.257534436625
ITUMBIARA,sem,2,2,1,0,,13760.89212687453
ITUMBIARA,sem,2,2,2,0,,13750.392401493647
ITUMBIARA,sem,2,2,3,0,,13753.46209762229
ITUMBIARA,sem,2,2,4,0,,13754.878819340436
ITUMBIARA,sem,2,2,5,0,,13753.792029541264
ITUMBIARA,sem,2,3,1,0,,13658.382142236844
ITUMBIARA,sem,2,3,2,0,,13648.832905713874
ITUMBIARA,sem,2,3,3,0,,13653.663545682188
ITUMBIARA,sem,2,3,4,0,,13657.684777563476
ITUMBIARA,sem,2,3,5,0,,13654.665330490772
ITUMBIARA,sem,2,4,1,0,,13584.376883389881
ITUMBIARA,sem,2,4,2,0,,13573.76515237873
ITUMBIARA,sem,2,4,3,0,,13577.497207139082
ITUMBIARA,sem,2,4,4,0,,13578.816920243062
ITUMBIARA,sem,2,4,5,0,,13578.34569323314
ITUMBIARA,sem,2,5,1,0,,13519.337551384411
ITUMBIARA,sem,2,5,2,0,,13505.362238928208
ITUMBIARA,sem,2,5,3,0,,13509.440719232754
ITUMBIARA,sem,2,5,4,0,,13513.847199996542
ITUMBIARA,sem,2,5,5,0,,13507.889182609912
ITUMBIARA,sem,3,1,1,1,,11513.915443908718
ITUMBIARA,sem,3,1,1,2,,11500.141302300297
ITUMBIARA,sem,3,1,1,3,,11502.008366221316
ITUMBIARA,sem,3,1,1,4,,11507.947749376981
ITUMBIARA,sem,3,1,1,5,,11510.447809833198
ITUMBIARA,sem,3,1,2,1,,11495.184778410989
ITUMBIARA,sem,3,1,2,2,,11481.916112188492
ITUMBIARA,sem,3,1,2,3,,11483.107233433086
ITUMBIARA,sem,3,1,2,4,,11489.076187141285
ITUMBIARA,sem,3,1,2,5,,11489.67655128581
ITUMBIARA,sem,3,1,3,1,,11499.010974744222
ITUMBIARA,sem,3,1,3,2,,11485.592264299685
ITUMBIARA,sem,3,1,3,3,,11486.7929273561
ITUMBIARA,sem,3,1,3,4,,11492.758406369863
ITUMBIARA,sem,3,1,3,5,,11493.40388827781
ITUMBIARA,sem,3,1,4,1,,11500.733061867117
ITUMBIARA,sem,3,1,4,2,,11487.123694309585
ITUMBIARA,sem,3,1,4,3,,11488.288625517249
ITUMBIARA,sem,3,1,4,4,,11494.248823795688
ITUMBIARA,sem,3,1,4,5,,11494.805049810553
ITUMBIARA,sem,3,1,5,1,,11502.545647608658
ITUMBIARA,sem,3,1,5,2,,11488.930215167358
ITUMBIARA,sem,3,1,5,3,,11490.059585091114
ITUMBIARA,sem,3,1,5,4,,11496.034629452486
ITUMBIARA,sem,3,1,5,5,,11496.514709180148
ITUMBIARA,sem,3,2,1,1,,11496.073118525836
ITUMBIARA,sem,3,2,1,2,,11486.875159706358
ITUMBIARA,sem,3,2,1,3,,11488.682753668212
ITUMBIARA,sem,3,2,1,4,,11494.538706549532
ITUMBIARA,sem,3,2,1,5,,11496.531036737153
ITUMBIARA,sem,3,2,2,1,,11479.087684933285
ITUMBIARA,sem,3,2,2,2,,11470.357185554518
ITUMBIARA,sem,3,2,2,3,,11471.555525558826
ITUMBIARA,sem,3,2,2,4,,11477.396591244067
ITUMBIARA,sem,3,2,2,5,,11477.911914967126
ITUMBIARA,sem,3,2,3,1,,11482.80918003518
ITUMBIARA,sem,3,2,3,2,,11473.957780175362
ITUMBIARA,sem,3,2,3,3,,11475.13094473875
ITUMBIARA,sem,3,2,3,4,,11480.973438324403
ITUMBIARA,sem,3,2,3,5,,11481.520915066405
ITUMBIARA,sem,3,2,4,1,,11484.380292266673
ITUMBIARA,sem,3,2,4,2,,11475.479001634005
ITUMBIARA,sem,3,2,4,3,,11476.616055135877
ITUMBIARA,sem,3,2,4,4,,11482.4489338548
ITUMBIARA,sem,3,2,4,5,,11482.965383604513
ITUMBIARA,sem,3,2,5,1,,11485.5628855921
ITUMBIARA,sem,3,2,5,2,,11476.71973743067
ITUMBIARA,sem,3,2,5,3,,11477.805409237428
ITUMBIARA,sem,3,2,5,4,,11483.6756248343
ITUMBIARA,sem,3,2,5,5,,11484.0273052814
ITUMBIARA,sem,3,3,1,1,,11485.07891166851
ITUMBIARA,sem,3,3,1,2,,11476.518240503969
ITUMBIARA,sem,3,3,1,3,,11479.052313390308
ITUMBIARA,sem,3,3,1,4,,11484.910840772332
ITUMBIARA,sem,3,3,1,5,,11484.703981892268
ITUMBIARA,sem,3,3,2,1,,11466.612154729914
ITUMBIARA,sem,3,3,2,2,,11459.041024363252
ITUMBIARA,sem,3,3,2,3,,11461.024621862796
ITUMBIARA,sem,3,3,2,4,,11466.658845528005
ITUMBIARA,sem,3,3,2,5,,11464.903815457596
ITUMBIARA,sem,3,3,3,1,,11470.328539450536
ITUMBIARA,sem,3,3,3,2,,11462.619548951934
ITUMBIARA,sem,3,3,3,3,,11464.53760302289
ITUMBIARA,sem,3,3,3,4,,11470.1925167247
ITUMBIARA,sem,3,3,3,5,,11468.536603681829
ITUMBIARA,sem,3,3,4,1,,11471.672318385368
ITUMBIARA,sem,3,3,4,2,,11464.05661923188
ITUMBIARA,sem,3,3,4,3,,11465.946238757766
ITUMBIARA,sem,3,3,4,4,,11471.560920971704
ITUMBIARA,sem,3,3,4,5,,11469.840671317943
ITUMBIARA,sem,3,3,5,1,,11472.287514488939
ITUMBIARA,sem,3,3,5,2,,11464.711780410176
ITUMBIARA,sem,3,3,5,3,,11466.588376767915
ITUMBIARA,sem,3,3,5,4,,11472.24941714241
ITUMBIARA,sem,3,3,5,5,,11470.320104962639
ITUMBIARA,sem,3,4,1,1,,11483.60911721632
ITUMBIARA,sem,3,4,1,2,,11474.54857283425
ITUMBIARA,sem,3,4,1,3,,11477.029134537715
ITUMBIARA,sem,3,4,1,4,,11482.854235216764
ITUMBIARA,sem,3,4,1,5,,11483.445763966301
ITUMBIARA,sem,3,4,2,1,,11461.673536632848
ITUMBIARA,sem,3,4,2,2,,11454.794607077185
ITUMBIARA,sem,3,4,2,3,,11456.874362785333
ITUMBIARA,sem,3,4,2,4,,11462.481935019581
ITUMBIARA,sem,3,4,2,5,,11462.704820475717
ITUMBIARA,sem,3,4,3,1,,11465.45814621144
ITUMBIARA,sem,3,4,3,2,,11458.3593301693
ITUMBIARA,sem,3,4,3,3,,11460.332346873465
ITUMBIARA,sem,3,4,3,4,,11465.969696163835
ITUMBIARA,sem,3,4,3,5,,11466.311030695117
ITUMBIARA,sem,3,4,4,1,,11466.441147272953
ITUMBIARA,sem,3,4,4,2,,11459.597668419821
ITUMBIARA,sem,3,4,4,3,,11461.574939129836
ITUMBIARA,sem,3,4,4,4,,11467.169330813489
ITUMBIARA,sem,3,4,4,5,,11467.61006572472
ITUMBIARA,sem,3,4,5,1,,11466.79356218208
ITUMBIARA,sem,3,4,5,2,,11459.961031271934
ITUMBIARA,sem,3,4,5,3,,11461.960741263438
ITUMBIARA,sem,3,4,5,4,,11467.585670253286
ITUMBIARA,sem,3,4,5,5,,11467.899562682718
ITUMBIARA,sem,3,5,1,1,,11483.419513912158
ITUMBIARA,sem,3,5,1,2,,11473.262932346643
ITUMBIARA,sem,3,5,1,3,,11475.925846438755
ITUMBIARA,sem,3,5,1,4,,11481.486131321257
ITUMBIARA,sem,3,5,1,5,,11482.1339142115
ITUMBIARA,sem,3,5,2,1,,11456.985659517924
ITUMBIARA,sem,3,5,2,2,,11450.443022505897
ITUMBIARA,sem,3,5,2,3,,11452.156614142827
ITUMBIARA,sem,3,5,2,4,,11457.265944946867
ITUMBIARA,sem,3,5,2,5,,11457.152062853525
ITUMBIARA,sem,3,5,3,1,,11460.90641716835
ITUMBIARA,sem,3,5,3,2,,11454.036296074972
ITUMBIARA,sem,3,5,3,3,,11455.639285751584
ITUMBIARA,sem,3,5,3,4,,11460.79691806198
ITUMBIARA,sem,3,5,3,5,,11460.812955988824
ITUMBIARA,sem,3,5,4,1,,11461.566202214177
ITUMBIARA,sem,3,5,4,2,,11455.123393804879
ITUMBIARA,sem,3,5,4,3,,11456.705185525305
ITUMBIARA,sem,3,5,4,4,,11461.787631921587
ITUMBIARA,sem,3,5,4,5,,11461.977971169807
ITUMBIARA,sem,3,5,5,1,,11461.820386721987
ITUMBIARA,sem,3,5,5,2,,11455.388202961263
ITUMBIARA,sem,3,5,5,3,,11456.98713912354
ITUMBIARA,sem,3,5,5,4,,11462.067229452641
ITUMBIARA,sem,3,5,5,5,,11462.154462445887
ITUMBIARA,sem,4,1,1,1,,13830.823646086132
ITUMBIARA,sem,4,1,1,2,,13834.823646086132
ITUMBIARA,sem,4,1,1,3,,13838.823646086132
ITUMBIARA,sem,4,1,1,4,,13842.823646086132
ITUMBIARA,sem,4,1,1,5,,13846.823646086132
ITUMBIARA,sem,4,1,2,1,,13820.360581887095
ITUMBIARA,sem,4,1,2,2,,13824.360581887095
ITUMBIARA,sem,4,1,2,3,,13828.360581887095
ITUMBIARA,sem,4,1,2,4,,13832.360581887095
ITUMBIARA,sem,4,1,2,5,,13836.360581887095
ITUMBIARA,sem,4,1,3,1,,13823.9861503123
ITUMBIARA,sem,4,1,3,2,,13827.9861503123
ITUMBIARA,sem,4,1,3,3,,13831.9861503123
ITUMBIARA,sem,4,1,3,4,,13835.9861503123
ITUMBIARA,sem,4,1,3,5,,13839.9861503123
ITUMBIARA,sem,4,1,4,1,,13826.296308304507
ITUMBIARA,sem,4,1,4,2,,13830.296308304507
ITUMBIARA,sem,4,1,4,3,,13834.296308304507
ITUMBIARA,sem,4,1,4,4,,13838.296308304507
ITUMBIARA,sem,4,1,4,5,,13842.296308304507
ITUMBIARA,sem,4,1,5,1,,13828.257133581454
ITUMBIARA,sem,4,1,5,2,,13832.257133581454
ITUMBIARA,sem,4,1,5,3,,13836.257133581454
ITUMBIARA,sem,4,1,5,4,,13840.257133581454
ITUMBIARA,sem,4,1,5,5,,13844.257133581454
ITUMBIARA,sem,4,2,1,1,,13764.890522596224
ITUMBIARA,sem,4,2,1,2,,13768.890522596224
ITUMBIARA,sem,4,2,1,3,,13772.890522596226
ITUMBIARA,sem,4,2,1,4,,13776.890522596226
ITUMBIARA,sem,4,2,1,5,,13780.890522596226
ITUMBIARA,sem,4,2,2,1,,13754.390797215341
ITUMBIARA,sem,4,2,2,2,,13758.390797215343
ITUMBIARA,sem,4,2,2,3,,13762.390797215343
ITUMBIARA,sem,4,2,2,4,,13766.390797215343
ITUMBIARA,sem,4,2,2,5,,13770.390797215343
ITUMBIARA,sem,4,2,3,1,,13757.460493343986
ITUMBIARA,sem,4,2,3,2,,13761.460493343986
ITUMBIARA,sem,4,2,3,3,,13765.460493343986
ITUMBIARA,sem,4,2,3,4,,13769.460493343986
ITUMBIARA,sem,4,2,3,5,,13773.460493343986
ITUMBIARA,sem,4,2,4,1,,13758.877215062133
ITUMBIARA,sem,4,2,4,2,,13762.877215062133
ITUMBIARA,sem,4,2,4,3,,13766.877215062133
ITUMBIARA,sem,4,2,4,4,,13770.877215062133
ITUMBIARA,sem,4,2,4,5,,13774.877215062133
ITUMBIARA,sem,4,2,5,1,,13757.790425262961
ITUMBIARA,sem,4,2,5,2,,13761.790425262961
ITUMBIARA,sem,4,2,5,3,,13765.790425262961
ITUMBIARA,sem,4,2,5,4,,13769.790425262961
ITUMBIARA,sem,4,2,5,5,,13773.790425262961
ITUMBIARA,sem,4,3,1,1,,13661.3785306787
ITUMBIARA,sem,4,3,1,2,,13665.3785306787
ITUMBIARA,sem,4,3,1,3,,13669.3785306787
ITUMBIARA,sem,4,3,1,4,,13673.3785306787
ITUMBIARA,sem,4,3,1,5,,13677.3785306787
ITUMBIARA,sem,4,3,2,1,,13651.829294155728
ITUMBIARA,sem,4,3,2,2,,13655.829294155728
ITUMBIARA,sem,4,3,2,3,,13659.829294155728
ITUMBIARA,sem,4,3,2,4,,13663.829294155728
ITUMBIARA,sem,4,3,2,5,,13667.829294155728
ITUMBIARA,sem,4,3,3,1,,13656.659934124042
ITUMBIARA,sem,4,3,3,2,,13660.659934124042
ITUMBIARA,sem,4,3,3,3,,13664.659934124042
ITUMBIARA,sem,4,3,3,4,,13668.659934124042
ITUMBIARA,sem,4,3,3,5,,13672.659934124042
ITUMBIARA,sem,4,3,4,1,,13660.681166005334
ITUMBIARA,sem,4,3,4,2,,13664.681166005334
ITUMBIARA,sem,4,3,4,3,,13668.681166005334
ITUMBIARA,sem,4,3,4,4,,13672.681166005334
ITUMBIARA,sem,4,3,4,5,,13676.681166005334
ITUMBIARA,sem,4,3,5,1,,13657.661718932626
ITUMBIARA,sem,4,3,5,2,,13661.661718932626
ITUMBIARA,sem,4,3,5,3,,13665.661718932626
ITUMBIARA,sem,4,3,5,4,,13669.661718932626
ITUMBIARA,sem,4,3,5,5,,13673.661718932626
ITUMBIARA,sem,4,4,1,1,,13586.370459403332
ITUMBIARA,sem,4,4,1,2,,13590.370459403332
ITUMBIARA,sem,4,4,1,3,,13594.370459403332
ITUMBIARA,sem,4,4,1,4,,13598.370459403332
ITUMBIARA,sem,4,4,1,5,,13602.370459403332
ITUMBIARA,sem,4,4,2,1,,13575.75872839218
ITUMBIARA,sem,4,4,2,2,,13579.75872839218
ITUMBIARA,sem,4,4,2,3,,13583.75872839218
ITUMBIARA,sem,4,4,2,4,,13587.75872839218
ITUMBIARA,sem,4,4,2,5,,13591.75872839218
ITUMBIARA,sem,4,4,3,1,,13579.490783152534
ITUMBIARA,sem,4,4,3,2,,13583.490783152534
ITUMBIARA,sem,4,4,3,3,,13587.490783152534
ITUMBIARA,sem,4,4,3,4,,13591.490783152534
ITUMBIARA,sem,4,4,3,5,,13595.490783152534
ITUMBIARA,sem,4,4,4,1,,13580.810496256514
ITUMBIARA,sem,4,4,4,2,,13584.810496256514
ITUMBIARA,sem,4,4,4,3,,13588.810496256514
ITUMBIARA,sem,4,4,4,4,,13592.810496256514
ITUMBIARA,sem,4,4,4,5,,13596.810496256514
ITUMBIARA,sem,4,4,5,1,,13580.339269246588
ITUMBIARA,sem,4,4,5,2,,13584.339269246588
ITUMBIARA,sem,4,4,5,3,,13588.339269246588
ITUMBIARA,sem,4,4,5,4,,13592.339269246588
ITUMBIARA,sem,4,4,5,5,,13596.339269246588
ITUMBIARA,sem,4,5,1,1,,13520.327508525923
ITUMBIARA,sem,4,5,1,2,,13524.327508525923
ITUMBIARA,sem,4,5,1,3,,13528.327508525923
ITUMBIARA,sem,4,5,1,4,,13532.327508525923
ITUMBIARA,sem,4,5,1,5,,13536.327508525923
ITUMBIARA,sem,4,5,2,1,,13506.35219606972
ITUMBIARA,sem,4,5,2,2,,13510.35219606972
ITUMBIARA,sem,4,5,2,3,,13514.35219606972
ITUMBIARA,sem,4,5,2,4,,13518.35219606972
ITUMBIARA,sem,4,5,2,5,,13522.35219606972
ITUMBIARA,sem,4,5,3,1,,13510.430676374266
ITUMBIARA,sem,4,5,3,2,,13514.430676374266
ITUMBIARA,sem,4,5,3,3,,13518.430676374266
ITUMBIARA,sem,4,5,3,4,,13522.430676374266
ITUMBIARA,sem,4,5,3,5,,13526.430676374266
ITUMBIARA,sem,4,5,4,1,,13514.837157138052
ITUMBIARA,sem,4,5,4,2,,13518.837157138052
ITUMBIARA,sem,4,5,4,3,,13522.837157138052
ITUMBIARA,sem,4,5,4,4,,13526.837157138052
ITUMBIARA,sem,4,5,4,5,,13530.837157138052
ITUMBIARA,sem,4,5,5,1,,13508.879139751423
ITUMBIARA,sem,4,5,5,2,,13512.879139751423
ITUMBIARA,sem,4,5,5,3,,13516.879139751423
ITUMBIARA,sem,4,5,5,4,,13520.879139751423
ITUMBIARA,sem,4,5,5,5,,13524.879139751423
ITUMBIARA,mes,1,1,1,0,,2625.2049184358357
ITUMBIARA,mes,1,1,2,0,,2606.0548187975287
ITUMBIARA,mes,1,1,3,0,,2609.381815392916
ITUMBIARA,mes,1,1,4,0,,2608.944121240035
ITUMBIARA,mes,1,1,5,0,,2608.6502741518857
ITUMBIARA,mes,1,2,1,0,,2620.9953613458715
ITUMBIARA,mes,1,2,2,0,,2594.812740102675
ITUMBIARA,mes,1,2,3,0,,2598.3609336188397
ITUMBIARA,mes,1,2,4,0,,2598.5990268946052
ITUMBIARA,mes,1,2,5,0,,2599.5910538121548
ITUMBIARA,mes,1,3,1,0,,2622.0514570357664
ITUMBIARA,mes,1,3,2,0,,2593.385825113198
ITUMBIARA,mes,1,3,3,0,,2597.027343282307
ITUMBIARA,mes,1,3,4,0,,2597.9487242649893
ITUMBIARA,mes,1,3,5,0,,2598.83839679247
ITUMBIARA,mes,1,4,1,0,,2616.5402777710856
ITUMBIARA,mes,1,4,2,0,,2591.13245248134
ITUMBIARA,mes,1,4,3,0,,2594.7439132404093
ITUMBIARA,mes,1,4,4,0,,2594.741923966605
ITUMBIARA,mes,1,4,5,0,,2595.2659967206187
ITUMBIARA,mes,1,5,1,0,,2613.5850615425243
ITUMBIARA,mes,1,5,2,0,,2592.439100569725
ITUMBIARA,mes,1,5,3,0,,2596.0149130149625
ITUMBIARA,mes,1,5,4,0,,2595.8656339950103
ITUMBIARA,mes,1,5,5,0,,2596.5954886516297
ITUMBIARA,mes,2,1,1,0,,3186.646565153302
ITUMBIARA,mes,2,1,2,0,,3165.6769720541815
ITUMBIARA,mes,2,1,3,0,,3169.633257806397
ITUMBIARA,mes,2,1,4,0,,3169.2961348426306
ITUMBIARA,mes,2,1,5,0,,3169.067007450299
ITUMBIARA,mes,2,2,1,0,,3154.231130052013
ITUMBIARA,mes,2,2,2,0,,3143.08575056334
ITUMBIARA,mes,2,2,3,0,,3147.3692604335274
ITUMBIARA,mes,2,2,4,0,,3150.353061031419
ITUMBIARA,mes,2,2,5,0,,3151.181840975457
ITUMBIARA,mes,2,3,1,0,,3136.4422280321955
ITUMBIARA,mes,2,3,2,0,,3123.6455564726957
ITUMBIARA,mes,2,3,3,0,,3126.8973037666688
ITUMBIARA,mes,2,3,4,0,,3129.4669063689016
ITUMBIARA,mes,2,3,5,0,,3129.974441235477
ITUMBIARA,mes,2,4,1,0,,3122.786536356788
ITUMBIARA,mes,2,4,2,0,,3115.9622458670146
ITUMBIARA,mes,2,4,3,0,,3118.1549514791895
ITUMBIARA,mes,2,4,4,0,,3121.7427073267104
ITUMBIARA,mes,2,4,5,0,,3121.101607705008
ITUMBIARA,mes,2,5,1,0,,3088.2015009150323
ITUMBIARA,mes,2,5,2,0,,3074.1485493022615
ITUMBIARA,mes,2,5,3,0,,3078.169903353153
ITUMBIARA,mes,2,5,4,0,,3074.8839127195815
ITUMBIARA,mes,2,5,5,0,,3077.404511640556
ITUMBIARA,mes,3,1,1,1,,2650.1916924695606
ITUMBIARA,mes,3,1,1,2,,2652.578068124767
ITUMBIARA,mes,3,1,1,3,,2655.735586286498
ITUMBIARA,mes,3,1,1,4,,2661.0904372687673
ITUMBIARA,mes,3,1,1,5,,2664.058947572028
ITUMBIARA,mes,3,1,2,1,,2633.1630572714803
ITUMBIARA,mes,3,1,2,2,,2634.3616324752747
ITUMBIARA,mes,3,1,2,3,,2637.424776104912
ITUMBIARA,mes,3,1,2,4,,2641.810686954003
ITUMBIARA,mes,3,1,2,5,,2646.904315650565
ITUMBIARA,mes,3,1,3,1,,2636.1975868165505
ITUMBIARA,mes,3,1,3,2,,2637.556360535011
ITUMBIARA,mes,3,1,3,3,,2640.6192089853785
ITUMBIARA,mes,3,1,3,4,,2645.042382204157
ITUMBIARA,mes,3,1,3,5,,2650.6380098007776
ITUMBIARA,mes,3,1,4,1,,2636.1280338409506
ITUMBIARA,mes,3,1,4,2,,2637.923705749968
ITUMBIARA,mes,3,1,4,3,,2641.1492159535615
ITUMBIARA,mes,3,1,4,4,,2645.6747504595346
ITUMBIARA,mes,3,1,4,5,,2651.2782977677884
ITUMBIARA,mes,3,1,5,1,,2636.07240546211
ITUMBIARA,mes,3,1,5,2,,2637.546428201249
ITUMBIARA,mes,3,1,5,3,,2640.7476678851153
ITUMBIARA,mes,3,1,5,4,,2645.2559687424314
ITUMBIARA,mes,3,1,5,5,,2650.656362283763
ITUMBIARA,mes,3,2,1,1,,2651.1853950513505
ITUMBIARA,mes,3,2,1,2,,2651.203739420953
ITUMBIARA,mes,3,2,1,3,,2653.643159217204
ITUMBIARA,mes,3,2,1,4,,2658.5832680533103
ITUMBIARA,mes,3,2,1,5,,2660.864862810494
ITUMBIARA,mes,3,2,2,1,,2624.0112343942887
ITUMBIARA,mes,3,2,2,2,,2625.2361065289465
ITUMBIARA,mes,3,2,2,3,,2627.748725174347
ITUMBIARA,mes,3,2,2,4,,2632.317563029328
ITUMBIARA,mes,3,2,2,5,,2637.3516982242545
ITUMBIARA,mes,3,2,3,1,,2627.2449957370177
ITUMBIARA,mes,3,2,3,2,,2628.544375765712
ITUMBIARA,mes,3,2,3,3,,2631.054894944667
ITUMBIARA,mes,3,2,3,4,,2635.65526962607
ITUMBIARA,mes,3,2,3,5,,2641.132822715152
ITUMBIARA,mes,3,2,4,1,,2627.427675357325
ITUMBIARA,mes,3,2,4,2,,2629.029302459548
ITUMBIARA,mes,3,2,4,3,,2631.6085101315866
ITUMBIARA,mes,3,2,4,4,,2636.295805842778
ITUMBIARA,mes,3,2,4,5,,2641.8478549497304
ITUMBIARA,mes,3,2,5,1,,2628.618162485835
ITUMBIARA,mes,3,2,5,2,,2629.8259852363803
ITUMBIARA,mes,3,2,5,3,,2632.3951093758205
ITUMBIARA,mes,3,2,5,4,,2637.0424435269815
ITUMBIARA,mes,3,2,5,5,,2642.487597339886
ITUMBIARA,mes,3,3,1,1,,2652.3045894205934
ITUMBIARA,mes,3,3,1,2,,2650.496464562456
ITUMBIARA,mes,3,3,1,3,,2653.1159330530713
ITUMBIARA,mes,3,3,1,4,,2657.9247412287714
ITUMBIARA,mes,3,3,1,5,,2661.4630562323373
ITUMBIARA,mes,3,3,2,1,,2620.6026835352045
ITUMBIARA,mes,3,3,2,2,,2617.934394309404
ITUMBIARA,mes,3,3,2,3,,2620.0608306572876
ITUMBIARA,mes,3,3,2,4,,2624.9394329867882
ITUMBIARA,mes,3,3,2,5,,2630.4820172805103
ITUMBIARA,mes,3,3,3,1,,2623.9928082069696
ITUMBIARA,mes,3,3,3,2,,2621.3646319796903
ITUMBIARA,mes,3,3,3,3,,2623.3963634420306
ITUMBIARA,mes,3,3,3,4,,2628.3730765875725
ITUMBIARA,mes,3,3,3,5,,2634.0740460321913
ITUMBIARA,mes,3,3,4,1,,2625.2420559076018
ITUMBIARA,mes,3,3,4,2,,2623.5513441527955
ITUMBIARA,mes,3,3,4,3,,2625.7974558852884
ITUMBIARA,mes,3,3,4,4,,2630.8004326067344
ITUMBIARA,mes,3,3,4,5,,2636.650216422686
ITUMBIARA,mes,3,3,5,1,,2626.471550846125
ITUMBIARA,mes,3,3,5,2,,2624.4309853297505
ITUMBIARA,mes,3,3,5,3,,2626.706662702868
ITUMBIARA,mes,3,3,5,4,,2631.6706788804245
ITUMBIARA,mes,3,3,5,5,,2637.4498334542545
ITUMBIARA,mes,3,4,1,1,,2642.141726650097
ITUMBIARA,mes,3,4,1,2,,2641.8632210884816
ITUMBIARA,mes,3,4,1,3,,2644.736265005929
ITUMBIARA,mes,3,4,1,4,,2648.35135648746
ITUMBIARA,mes,3,4,1,5,,2653.984112217425
ITUMBIARA,mes,3,4,2,1,,2616.0114745321307
ITUMBIARA,mes,3,4,2,2,,2614.28321105254
ITUMBIARA,mes,3,4,2,3,,2617.448581272454
ITUMBIARA,mes,3,4,2,4,,2621.2440793181163
ITUMBIARA,mes,3,4,2,5,,2628.1752175863558
ITUMBIARA,mes,3,4,3,1,,2619.5141108902208
ITUMBIARA,mes,3,4,3,2,,2617.931846852769
ITUMBIARA,mes,3,4,3,3,,2621.0191989103187
ITUMBIARA,mes,3,4,3,4,,2624.9165487923433
ITUMBIARA,mes,3,4,3,5,,2632.0357562201734
ITUMBIARA,mes,3,4,4,1,,2619.9625672198613
ITUMBIARA,mes,3,4,4,2,,2619.2465857408256
ITUMBIARA,mes,3,4,4,3,,2622.5722095257024
ITUMBIARA,mes,3,4,4,4,,2626.3388904900194
ITUMBIARA,mes,3,4,4,5,,2633.9226071479966
ITUMBIARA,mes,3,4,5,1,,2620.249001234094
ITUMBIARA,mes,3,4,5,2,,2619.381553142975
ITUMBIARA,mes,3,4,5,3,,2622.781239608292
ITUMBIARA,mes,3,4,5,4,,2626.3161839890017
ITUMBIARA,mes,3,4,5,5,,2634.0808024128314
ITUMBIARA,mes,3,5,1,1,,2640.4697500236407
ITUMBIARA,mes,3,5,1,2,,2642.376845506399
ITUMBIARA,mes,3,5,1,3,,2645.281260528075
ITUMBIARA,mes,3,5,1,4,,2647.8639812951105
ITUMBIARA,mes,3,5,1,5,,2653.7750140872777
ITUMBIARA,mes,3,5,2,1,,2618.1235615936016
ITUMBIARA,mes,3,5,2,2,,2615.953717125851
ITUMBIARA,mes,3,5,2,3,,2619.027869369955
ITUMBIARA,mes,3,5,2,4,,2623.047695520603
ITUMBIARA,mes,3,5,2,5,,2629.6753450383662
ITUMBIARA,mes,3,5,3,1,,2621.574729067503
ITUMBIARA,mes,3,5,3,2,,2619.7395840227905
ITUMBIARA,mes,3,5,3,3,,2622.78061594569
ITUMBIARA,mes,3,5,3,4,,2626.8730365197557
ITUMBIARA,mes,3,5,3,5,,2633.659411832008
ITUMBIARA,mes,3,5,4,1,,2621.8380407279747
ITUMBIARA,mes,3,5,4,2,,2621.2369977176936
ITUMBIARA,mes,3,5,4,3,,2624.508108160648
ITUMBIARA,mes,3,5,4,4,,2628.4780770176194
ITUMBIARA,mes,3,5,4,5,,2635.7905539188455
ITUMBIARA,mes,3,5,5,1,,2622.274927425956
ITUMBIARA,mes,3,5,5,2,,2621.0101191565964
ITUMBIARA,mes,3,5,5,3,,2624.331196936475
ITUMBIARA,mes,3,5,5,4,,2628.173987053758
ITUMBIARA,mes,3,5,5,5,,2635.6117584465374
ITUMBIARA,mes,4,1,1,1,,3191.6448250129206
ITUMBIARA,mes,4,1,1,2,,3195.6448250129206
ITUMBIARA,mes,4,1,1,3,,3199.6448250129206
ITUMBIARA,mes,4,1,1,4,,3203.6448250129206
ITUMBIARA,mes,4,1,1,5,,3207.6448250129206
ITUMBIARA,mes,4,1,2,1,,3170.6752319138004
ITUMBIARA,mes,4,1,2,2,,3174.6752319138004
ITUMBIARA,mes,4,1,2,3,,3178.6752319138004
ITUMBIARA,mes,4,1,2,4,,3182.6752319138004
ITUMBIARA,mes,4,1,2,5,,3186.6752319138004
ITUMBIARA,mes,4,1,3,1,,3174.6315176660155
ITUMBIARA,mes,4,1,3,2,,3178.6315176660155
ITUMBIARA,mes,4,1,3,3,,3182.6315176660155
ITUMBIARA,mes,4,1,3,4,,3186.6315176660155
ITUMBIARA,mes,4,1,3,5,,3190.6315176660155
ITUMBIARA,mes,4,1,4,1,,3174.2943947022495
ITUMBIARA,mes,4,1,4,2,,3178.2943947022495
ITUMBIARA,mes,4,1,4,3,,3182.2943947022495
ITUMBIARA,mes,4,1,4,4,,3186.2943947022495
ITUMBIARA,mes,4,1,4,5,,3190.2943947022495
ITUMBIARA,mes,4,1,5,1,,3174.0652673099175
ITUMBIARA,mes,4,1,5,2,,3178.0652673099175
ITUMBIARA,mes,4,1,5,3,,3182.0652673099175
ITUMBIARA,mes,4,1,5,4,,3186.0652673099175
ITUMBIARA,mes,4,1,5,5,,3190.0652673099175
ITUMBIARA,mes,4,2,1,1,,3158.224153288978
ITUMBIARA,mes,4,2,1,2,,3162.224153288978
ITUMBIARA,mes,4,2,1,3,,3166.224153288978
ITUMBIARA,mes,4,2,1,4,,3170.224153288978
ITUMBIARA,mes,4,2,1,5,,3174.224153288978
ITUMBIARA,mes,4,2,2,1,,3147.078773800305
ITUMBIARA,mes,4,2,2,2,,3151.078773800305
ITUMBIARA,mes,4,2,2,3,,3155.078773800305
ITUMBIARA,mes,4,2,2,4,,3159.078773800305
ITUMBIARA,mes,4,2,2,5,,3163.078773800305
ITUMBIARA,mes,4,2,3,1,,3151.3622836704926
ITUMBIARA,mes,4,2,3,2,,3155.3622836704926
ITUMBIARA,mes,4,2,3,3,,3159.3622836704926
ITUMBIARA,mes,4,2,3,4,,3163.3622836704926
ITUMBIARA,mes,4,2,3,5,,3167.3622836704926
ITUMBIARA,mes,4,2,4,1,,3154.3460842683844
ITUMBIARA,mes,4,2,4,2,,3158.3460842683844
ITUMBIARA,mes,4,2,4,3,,3162.3460842683844
ITUMBIARA,mes,4,2,4,4,,3166.3460842683844
ITUMBIARA,mes,4,2,4,5,,3170.3460842683844
ITUMBIARA,mes,4,2,5,1,,3155.174864212422
ITUMBIARA,mes,4,2,5,2,,3159.174864212422
ITUMBIARA,mes,4,2,5,3,,3163.174864212422
ITUMBIARA,mes,4,2,5,4,,3167.174864212422
ITUMBIARA,mes,4,2,5,5,,3171.174864212422
ITUMBIARA,mes,4,3,1,1,,3139.426493670414
ITUMBIARA,mes,4,3,1,2,,3143.426493670414
ITUMBIARA,mes,4,3,1,3,,3147.426493670414
ITUMBIARA,mes,4,3,1,4,,3151.426493670414
ITUMBIARA,mes,4,3,1,5,,3155.426493670414
ITUMBIARA,mes,4,3,2,1,,3126.6298221109146
ITUMBIARA,mes,4,3,2,2,,3130.6298221109146
ITUMBIARA,mes,4,3,2,3,,3134.6298221109146
ITUMBIARA,mes,4,3,2,4,,3138.6298221109146
ITUMBIARA,mes,4,3,2,5,,3142.6298221109146
ITUMBIARA,mes,4,3,3,1,,3129.881569404887
ITUMBIARA,mes,4,3,3,2,,3133.881569404887
ITUMBIARA,mes,4,3,3,3,,3137.881569404887
ITUMBIARA,mes,4,3,3,4,,3141.881569404887
ITUMBIARA,mes,4,3,3,5,,3145.881569404887
ITUMBIARA,mes,4,3,4,1,,3132.4511720071205
ITUMBIARA,mes,4,3,4,2,,3136.4511720071205
ITUMBIARA,mes,4,3,4,3,,3140.4511720071205
ITUMBIARA,mes,4,3,4,4,,3144.4511720071205
ITUMBIARA,mes,4,3,4,5,,3148.4511720071205
ITUMBIARA,mes,4,3,5,1,,3132.958706873696
ITUMBIARA,mes,4,3,5,2,,3136.958706873696
ITUMBIARA,mes,4,3,5,3,,3140.958706873696
ITUMBIARA,mes,4,3,5,4,,3144.958706873696
ITUMBIARA,mes,4,3,5,5,,3148.958706873696
ITUMBIARA,mes,4,4,1,1,,3124.758498668062
ITUMBIARA,mes,4,4,1,2,,3128.758498668062
ITUMBIARA,mes,4,4,1,3,,3132.758498668062
ITUMBIARA,mes,4,4,1,4,,3136.758498668062
ITUMBIARA,mes,4,4,1,5,,3140.758498668062
ITUMBIARA,mes,4,4,2,1,,3117.9342081782897
ITUMBIARA,mes,4,4,2,2,,3121.9342081782897
ITUMBIARA,mes,4,4,2,3,,3125.9342081782897
ITUMBIARA,mes,4,4,2,4,,3129.9342081782897
ITUMBIARA,mes,4,4,2,5,,3133.9342081782897
ITUMBIARA,mes,4,4,3,1,,3120.126913790464
ITUMBIARA,mes,4,4,3,2,,3124.126913790464
ITUMBIARA,mes,4,4,3,3,,3128.126913790464
ITUMBIARA,mes,4,4,3,4,,3132.126913790464
ITUMBIARA,mes,4,4,3,5,,3136.126913790464
ITUMBIARA,mes,4,4,4,1,,3123.714669637985
ITUMBIARA,mes,4,4,4,2,,3127.714669637985
ITUMBIARA,mes,4,4,4,3,,3131.714669637985
ITUMBIARA,mes,4,4,4,4,,3135.714669637985
ITUMBIARA,mes,4,4,4,5,,3139.714669637985
ITUMBIARA,mes,4,4,5,1,,3123.073570016283
ITUMBIARA,mes,4,4,5,2,,3127.073570016283
ITUMBIARA,mes,4,4,5,3,,3131.073570016283
ITUMBIARA,mes,4,4,5,4,,3135.073570016283
ITUMBIARA,mes,4,4,5,5,,3139.073570016283
ITUMBIARA,mes,4,5,1,1,,3089.157589157132
ITUMBIARA,mes,4,5,1,2,,3093.157589157132
ITUMBIARA,mes,4,5,1,3,,3097.1575891571315
ITUMBIARA,mes,4,5,1,4,,3101.157589157132
ITUMBIARA,mes,4,5,1,5,,3105.157589157132
ITUMBIARA,mes,4,5,2,1,,3075.104637544361
ITUMBIARA,mes,4,5,2,2,,3079.104637544361
ITUMBIARA,mes,4,5,2,3,,3083.104637544361
ITUMBIARA,mes,4,5,2,4,,3087.104637544361
ITUMBIARA,mes,4,5,2,5,,3091.104637544361
ITUMBIARA,mes,4,5,3,1,,3079.1259915952533
ITUMBIARA,mes,4,5,3,2,,3083.1259915952533
ITUMBIARA,mes,4,5,3,3,,3087.1259915952533
ITUMBIARA,mes,4,5,3,4,,3091.1259915952533
ITUMBIARA,mes,4,5,3,5,,3095.1259915952533
ITUMBIARA,mes,4,5,4,1,,3075.8400009616817
ITUMBIARA,mes,4,5,4,2,,3079.8400009616817
ITUMBIARA,mes,4,5,4,3,,3083.8400009616817
ITUMBIARA,mes,4,5,4,4,,3087.8400009616817
ITUMBIARA,mes,4,5,4,5,,3091.8400009616817
ITUMBIARA,mes,4,5,5,1,,3078.360599882656
ITUMBIARA,mes,4,5,5,2,,3082.360599882656
ITUMBIARA,mes,4,5,5,3,,3086.360599882656
ITUMBIARA,mes,4,5,5,4,,3090.360599882656
ITUMBIARA,mes,4,5,5,5,,3094.360599882656
